{"type":"FeatureCollection","features":[{"type":"Feature","geometry":{"type":"MultiLineString","coordinates":[[[-122.39171,37.79305],[-122.39341,37.79414],[-122.39345,37.79417],[-122.39351,37.7942],[-122.39358,37.79423],[-122.39364,37.79427],[-122.39366,37.79428],[-122.39368,37.79428],[-122.39371,37.7943],[-122.39375,37.79432],[-122.39379,37.79433],[-122.3938,37.79434],[-122.39381,37.79434],[-122.39384,37.79435],[-122.39386,37.79436],[-122.39389,37.79437],[-122.39391,37.79437],[-122.39392,37.79438],[-122.39395,37.79438],[-122.39399,37.79439],[-122.39402,37.7944],[-122.39404,37.7944],[-122.39405,37.7944],[-122.39409,37.79441],[-122.39413,37.79442],[-122.39416,37.79442],[-122.39418,37.79442],[-122.39419,37.79442],[-122.39422,37.79442],[-122.39426,37.79443],[-122.39429,37.79443],[-122.39432,37.79443],[-122.39435,37.79443],[-122.39438,37.79442],[-122.39441,37.79442],[-122.39442,37.79442],[-122.39443,37.79442],[-122.39446,37.79442],[-122.39448,37.79442],[-122.3945,37.79442],[-122.39452,37.79441],[-122.39454,37.79441],[-122.39456,37.79441],[-122.39458,37.7944],[-122.3946,37.7944],[-122.39462,37.7944],[-122.39465,37.79439],[-122.39469,37.79438],[-122.39472,37.79437],[-122.39475,37.79436],[-122.39478,37.79435],[-122.39482,37.79434],[-122.39485,37.79433],[-122.39486,37.79432],[-122.39487,37.79431],[-122.3949,37.79431],[-122.39492,37.79429],[-122.39495,37.79428],[-122.39497,37.79427],[-122.39499,37.79426],[-122.39502,37.79424],[-122.39504,37.79423],[-122.39508,37.79421],[-122.39511,37.79419],[-122.39515,37.79416],[-122.39517,37.79415],[-122.39563,37.79378],[-122.39632,37.79326],[-122.39652,37.7931],[-122.3974,37.79241],[-122.39828,37.79172],[-122.39916,37.79102],[-122.39949,37.79075],[-122.40008,37.79031],[-122.40139,37.78927],[-122.40208,37.78873],[-122.40292,37.78809],[-122.40344,37.78765],[-122.4046,37.78674],[-122.40584,37.78575],[-122.40808,37.784],[-122.40896,37.78329],[-122.4103,37.78224],[-122.41164,37.78119],[-122.41199,37.78091],[-122.41253,37.78048],[-122.41475,37.77872],[-122.41594,37.7778],[-122.4163,37.7775],[-122.41751,37.77655],[-122.4187,37.77559],[-122.41927,37.77515],[-122.42027,37.77436],[-122.42071,37.77401],[-122.42102,37.77378],[-122.4213,37.77356],[-122.42195,37.77304],[-122.42218,37.77286],[-122.42263,37.77251],[-122.42341,37.77189],[-122.42368,37.77169],[-122.424,37.77144],[-122.42486,37.77075],[-122.42632,37.76961],[-122.4267,37.76954],[-122.429,37.7694],[-122.42914,37.76946],[-122.42907,37.76868],[-122.42898,37.76773],[-122.42896,37.76751],[-122.42883,37.76613],[-122.42868,37.76451],[-122.42859,37.76358],[-122.42852,37.76289],[-122.42844,37.76209],[-122.42837,37.76129],[-122.42822,37.7611],[-122.4281,37.76075],[-122.42807,37.76062],[-122.42805,37.76031],[-122.42799,37.75971],[-122.42798,37.75961],[-122.42796,37.75943],[-122.42791,37.75894],[-122.42788,37.75811],[-122.42786,37.758],[-122.42785,37.75792],[-122.42782,37.75787],[-122.42781,37.75784],[-122.42777,37.7578],[-122.42772,37.75776],[-122.42765,37.75773],[-122.42757,37.75771],[-122.42745,37.75769],[-122.42726,37.75769],[-122.4272,37.75767],[-122.42714,37.75766],[-122.42706,37.75761],[-122.42702,37.75756],[-122.42698,37.7575],[-122.42697,37.75746],[-122.42696,37.75736],[-122.42693,37.75706],[-122.42689,37.75656],[-122.42692,37.75643],[-122.42697,37.75634],[-122.42707,37.75623],[-122.42722,37.75612],[-122.42728,37.75604],[-122.42731,37.75596],[-122.42733,37.75589],[-122.42729,37.75548],[-122.42731,37.75541],[-122.42733,37.75531],[-122.42747,37.75515],[-122.42758,37.75504],[-122.42767,37.75496],[-122.42775,37.7549],[-122.4276,37.7533],[-122.42752,37.75245],[-122.42745,37.75171],[-122.42737,37.7509],[-122.42729,37.7501],[-122.42721,37.7493],[-122.42714,37.7485],[-122.42706,37.7477],[-122.42698,37.7469],[-122.42694,37.7465],[-122.4269,37.7461],[-122.42683,37.7453],[-122.42676,37.7445],[-122.42668,37.7437],[-122.42661,37.7429],[-122.42653,37.7421],[-122.42583,37.74215],[-122.42425,37.74224],[-122.4233,37.7423],[-122.42416,37.73987],[-122.42418,37.7398],[-122.42424,37.73963],[-122.42426,37.73949],[-122.42432,37.73931],[-122.42439,37.73899],[-122.42463,37.73841],[-122.42502,37.73782],[-122.42528,37.73755],[-122.42552,37.73729],[-122.42661,37.73637],[-122.42851,37.73503],[-122.42931,37.73459],[-122.42972,37.73438],[-122.43045,37.73402],[-122.43258,37.733],[-122.43435,37.73212],[-122.43467,37.73195],[-122.43491,37.73177],[-122.43508,37.73161],[-122.43517,37.73151],[-122.43526,37.73138],[-122.43537,37.73122],[-122.43547,37.73109],[-122.43555,37.7309],[-122.43576,37.73071],[-122.43597,37.73062],[-122.43626,37.73053],[-122.43644,37.73048],[-122.43655,37.73045],[-122.4375,37.73026],[-122.43785,37.73024],[-122.43801,37.73018],[-122.43817,37.73014],[-122.43847,37.72992],[-122.43887,37.72967],[-122.439,37.72959],[-122.43956,37.72924],[-122.44007,37.72893],[-122.44017,37.72886],[-122.44045,37.72844],[-122.44062,37.72819],[-122.44077,37.72796],[-122.44112,37.72745],[-122.44145,37.72695],[-122.44159,37.72676],[-122.4424,37.7258],[-122.44308,37.72499],[-122.44476,37.72297],[-122.44696,37.72297],[-122.44717,37.72293],[-122.44731,37.72284],[-122.44734,37.72272],[-122.44736,37.72243],[-122.44737,37.72229],[-122.44737,37.72219],[-122.44737,37.7221],[-122.44737,37.72202]]]},"properties":{"route":"J","name":"J Church","mode":"metro","color":"#D68A00"}},{"type":"Feature","geometry":{"type":"MultiLineString","coordinates":[[[-122.44627,37.72129],[-122.44518,37.72269],[-122.44524,37.72287],[-122.44547,37.72292],[-122.44715,37.72289],[-122.44728,37.72296],[-122.44917,37.72296],[-122.44957,37.72297],[-122.45161,37.723],[-122.45204,37.72301],[-122.45234,37.72308],[-122.45312,37.72325],[-122.45413,37.72346],[-122.45515,37.72368],[-122.45616,37.72389],[-122.45653,37.72397],[-122.45718,37.72411],[-122.45735,37.72414],[-122.4582,37.72432],[-122.45923,37.72454],[-122.45997,37.72469],[-122.46025,37.72475],[-122.46122,37.72495],[-122.46223,37.72527],[-122.46283,37.72549],[-122.46386,37.72587],[-122.46423,37.72601],[-122.46458,37.72614],[-122.46533,37.72641],[-122.46569,37.72656],[-122.46609,37.72679],[-122.46669,37.72724],[-122.46734,37.72778],[-122.46752,37.72804],[-122.46775,37.72833],[-122.46809,37.72898],[-122.46822,37.72923],[-122.46862,37.7296],[-122.46892,37.72984],[-122.46935,37.72998],[-122.47012,37.73031],[-122.47181,37.73104],[-122.47158,37.73471],[-122.47141,37.73501],[-122.47108,37.73561],[-122.47059,37.73659],[-122.46992,37.73722],[-122.46907,37.73797],[-122.467,37.73973],[-122.46584,37.7409],[-122.46566,37.74107],[-122.46404,37.74305],[-122.46386,37.74328],[-122.46367,37.74351],[-122.46348,37.74374],[-122.46291,37.74443],[-122.46273,37.74466],[-122.46234,37.74512],[-122.46224,37.74524],[-122.46204,37.74546],[-122.46194,37.74556],[-122.46174,37.74578],[-122.46153,37.746],[-122.46131,37.74622],[-122.46109,37.74643],[-122.46086,37.74664],[-122.46063,37.74684],[-122.46046,37.74699],[-122.46016,37.74724],[-122.45991,37.74744],[-122.45967,37.74763],[-122.45841,37.74857],[-122.45423,37.75145],[-122.44796,37.75577],[-122.44708,37.75637],[-122.44691,37.75648],[-122.44665,37.75666],[-122.44655,37.75673],[-122.44639,37.75684],[-122.44613,37.75702],[-122.44586,37.7572],[-122.4456,37.75738],[-122.44534,37.75756],[-122.44508,37.75774],[-122.44482,37.75792],[-122.44456,37.7581],[-122.44429,37.75828],[-122.44403,37.75846],[-122.44388,37.75856],[-122.44377,37.75864],[-122.44351,37.75882],[-122.44325,37.759],[-122.44299,37.75918],[-122.4422,37.75972],[-122.44178,37.76001],[-122.44142,37.76026],[-122.44116,37.76044],[-122.44099,37.76056],[-122.4409,37.76062],[-122.44085,37.76066],[-122.44073,37.76074],[-122.4406,37.76084],[-122.44048,37.76091],[-122.44038,37.76098],[-122.44032,37.76102],[-122.44019,37.76111],[-122.44011,37.76116],[-122.44006,37.76118],[-122.43999,37.76122],[-122.43993,37.76125],[-122.43986,37.76129],[-122.43979,37.76132],[-122.43977,37.76133],[-122.43971,37.76136],[-122.43967,37.76138],[-122.43964,37.76138],[-122.4396,37.7614],[-122.43957,37.76141],[-122.43953,37.76143],[-122.4395,37.76144],[-122.43945,37.76146],[-122.43939,37.76148],[-122.43934,37.7615],[-122.4393,37.76151],[-122.43926,37.76152],[-122.4392,37.76154],[-122.43912,37.76156],[-122.43904,37.76158],[-122.43896,37.7616],[-122.43888,37.76162],[-122.43879,37.76164],[-122.43862,37.76167],[-122.43843,37.7617],[-122.43767,37.76183],[-122.43736,37.76188],[-122.43708,37.76193],[-122.43702,37.76194],[-122.43695,37.76196],[-122.43679,37.76199],[-122.4366,37.76205],[-122.43644,37.76209],[-122.43617,37.76219],[-122.4359,37.76231],[-122.43572,37.76239],[-122.43546,37.76252],[-122.4352,37.76268],[-122.43496,37.76285],[-122.43457,37.76314],[-122.43334,37.76404],[-122.43309,37.7642],[-122.43104,37.76587],[-122.43084,37.76602],[-122.42896,37.76751],[-122.42867,37.76774],[-122.42737,37.76878],[-122.42695,37.76911],[-122.42632,37.76961],[-122.42486,37.77075],[-122.424,37.77144],[-122.42368,37.77169],[-122.42341,37.77189],[-122.42263,37.77251],[-122.42218,37.77286],[-122.42195,37.77304],[-122.4213,37.77356],[-122.42102,37.77378],[-122.42071,37.77401],[-122.42027,37.77436],[-122.41927,37.77515],[-122.4187,37.77559],[-122.41751,37.77655],[-122.4163,37.7775],[-122.41594,37.7778],[-122.41475,37.77872],[-122.41253,37.78048],[-122.41199,37.78091],[-122.41164,37.78119],[-122.4103,37.78224],[-122.40896,37.78329],[-122.40808,37.784],[-122.40584,37.78575],[-122.4046,37.78674],[-122.40344,37.78765],[-122.40292,37.78809],[-122.40208,37.78873],[-122.40139,37.78927],[-122.40008,37.79031],[-122.39949,37.79075],[-122.39916,37.79102],[-122.39828,37.79172],[-122.3974,37.79241],[-122.39652,37.7931],[-122.39632,37.79326],[-122.39563,37.79378],[-122.39517,37.79415],[-122.39515,37.79416],[-122.39511,37.79419],[-122.39508,37.79421],[-122.39504,37.79423],[-122.39502,37.79424],[-122.39499,37.79426],[-122.39497,37.79427],[-122.39495,37.79428],[-122.39492,37.79429],[-122.3949,37.79431],[-122.39487,37.79431],[-122.39486,37.79432],[-122.39485,37.79433],[-122.39482,37.79434],[-122.39478,37.79435],[-122.39475,37.79436],[-122.39472,37.79437],[-122.39469,37.79438],[-122.39465,37.79439],[-122.39462,37.7944],[-122.3946,37.7944],[-122.39458,37.7944],[-122.39456,37.79441],[-122.39454,37.79441],[-122.39452,37.79441],[-122.3945,37.79442],[-122.39448,37.79442],[-122.39446,37.79442],[-122.39443,37.79442],[-122.39442,37.79442],[-122.39441,37.79442],[-122.39438,37.79442],[-122.39435,37.79443],[-122.39432,37.79443],[-122.39429,37.79443],[-122.39426,37.79443],[-122.39422,37.79442],[-122.39419,37.79442],[-122.39418,37.79442],[-122.39416,37.79442],[-122.39413,37.79442],[-122.39409,37.79441],[-122.39405,37.7944],[-122.39404,37.7944],[-122.39402,37.7944],[-122.39399,37.79439],[-122.39395,37.79438],[-122.39392,37.79438],[-122.39391,37.79437],[-122.39389,37.79437],[-122.39386,37.79436],[-122.39384,37.79435],[-122.39381,37.79434],[-122.3938,37.79434],[-122.39379,37.79433],[-122.39375,37.79432],[-122.39371,37.7943],[-122.39368,37.79428],[-122.39366,37.79428],[-122.39364,37.79427],[-122.39358,37.79423],[-122.39351,37.7942],[-122.39345,37.79417],[-122.39341,37.79414],[-122.39262,37.79369],[-122.39222,37.79344],[-122.39171,37.79305]]]},"properties":{"route":"K","name":"K Ingleside","mode":"metro","color":"#57A8D6"}},{"type":"Feature","geometry":{"type":"MultiLineString","coordinates":[[[-122.50444,37.73618],[-122.50424,37.73619],[-122.50437,37.73806],[-122.5045,37.73991],[-122.50463,37.74177],[-122.50356,37.74182],[-122.50249,37.74187],[-122.50142,37.74191],[-122.50034,37.74196],[-122.49927,37.74201],[-122.4982,37.74206],[-122.49713,37.74211],[-122.49606,37.74216],[-122.49499,37.7422],[-122.49446,37.74223],[-122.49392,37.74225],[-122.49285,37.7423],[-122.49178,37.74235],[-122.49071,37.7424],[-122.48963,37.74244],[-122.48856,37.74249],[-122.48749,37.74254],[-122.48642,37.74258],[-122.48535,37.74263],[-122.48428,37.74268],[-122.4832,37.74273],[-122.48213,37.74277],[-122.48106,37.74282],[-122.47999,37.74287],[-122.47892,37.74291],[-122.47785,37.74296],[-122.47678,37.74301],[-122.47566,37.74306],[-122.47464,37.7431],[-122.47357,37.74315],[-122.47249,37.7432],[-122.47137,37.74325],[-122.47124,37.74139],[-122.47012,37.74143],[-122.46904,37.74148],[-122.46868,37.74149],[-122.46857,37.74151],[-122.46777,37.74151],[-122.46764,37.74151],[-122.46748,37.7415],[-122.46698,37.74141],[-122.46673,37.74133],[-122.46659,37.74128],[-122.46613,37.74105],[-122.46584,37.7409],[-122.46566,37.74107],[-122.46404,37.74305],[-122.46386,37.74328],[-122.46367,37.74351],[-122.46348,37.74374],[-122.46291,37.74443],[-122.46273,37.74466],[-122.46234,37.74512],[-122.46224,37.74524],[-122.46204,37.74546],[-122.46194,37.74556],[-122.46174,37.74578],[-122.46153,37.746],[-122.46131,37.74622],[-122.46109,37.74643],[-122.46086,37.74664],[-122.46063,37.74684],[-122.46046,37.74699],[-122.46016,37.74724],[-122.45991,37.74744],[-122.45967,37.74763],[-122.45841,37.74857],[-122.45423,37.75145],[-122.44796,37.75577],[-122.44708,37.75637],[-122.44691,37.75648],[-122.44665,37.75666],[-122.44655,37.75673],[-122.44639,37.75684],[-122.44613,37.75702],[-122.44586,37.7572],[-122.4456,37.75738],[-122.44534,37.75756],[-122.44508,37.75774],[-122.44482,37.75792],[-122.44456,37.7581],[-122.44429,37.75828],[-122.44403,37.75846],[-122.44388,37.75856],[-122.44377,37.75864],[-122.44351,37.75882],[-122.44325,37.759],[-122.44299,37.75918],[-122.4422,37.75972],[-122.44178,37.76001],[-122.44142,37.76026],[-122.44116,37.76044],[-122.44099,37.76056],[-122.4409,37.76062],[-122.44085,37.76066],[-122.44073,37.76074],[-122.4406,37.76084],[-122.44048,37.76091],[-122.44038,37.76098],[-122.44032,37.76102],[-122.44019,37.76111],[-122.44011,37.76116],[-122.44006,37.76118],[-122.43999,37.76122],[-122.43993,37.76125],[-122.43986,37.76129],[-122.43979,37.76132],[-122.43977,37.76133],[-122.43971,37.76136],[-122.43967,37.76138],[-122.43964,37.76138],[-122.4396,37.7614],[-122.43957,37.76141],[-122.43953,37.76143],[-122.4395,37.76144],[-122.43945,37.76146],[-122.43939,37.76148],[-122.43934,37.7615],[-122.4393,37.76151],[-122.43926,37.76152],[-122.4392,37.76154],[-122.43912,37.76156],[-122.43904,37.76158],[-122.43896,37.7616],[-122.43888,37.76162],[-122.43879,37.76164],[-122.43862,37.76167],[-122.43843,37.7617],[-122.43767,37.76183],[-122.43736,37.76188],[-122.43708,37.76193],[-122.43702,37.76194],[-122.43695,37.76196],[-122.43679,37.76199],[-122.4366,37.76205],[-122.43644,37.76209],[-122.43617,37.76219],[-122.4359,37.76231],[-122.43572,37.76239],[-122.43546,37.76252],[-122.4352,37.76268],[-122.43496,37.76285],[-122.43457,37.76314],[-122.43334,37.76404],[-122.43309,37.7642],[-122.43104,37.76587],[-122.43084,37.76602],[-122.42896,37.76751],[-122.42867,37.76774],[-122.42737,37.76878],[-122.42695,37.76911],[-122.42632,37.76961],[-122.42486,37.77075],[-122.424,37.77144],[-122.42368,37.77169],[-122.42341,37.77189],[-122.42263,37.77251],[-122.42218,37.77286],[-122.42195,37.77304],[-122.4213,37.77356],[-122.42102,37.77378],[-122.42071,37.77401],[-122.42027,37.77436],[-122.41927,37.77515],[-122.4187,37.77559],[-122.41751,37.77655],[-122.4163,37.7775],[-122.41594,37.7778],[-122.41475,37.77872],[-122.41253,37.78048],[-122.41199,37.78091],[-122.41164,37.78119],[-122.4103,37.78224],[-122.40896,37.78329],[-122.40808,37.784],[-122.40584,37.78575],[-122.4046,37.78674],[-122.40344,37.78765],[-122.40292,37.78809],[-122.40208,37.78873],[-122.40139,37.78927],[-122.40008,37.79031],[-122.39949,37.79075],[-122.39916,37.79102],[-122.39828,37.79172],[-122.3974,37.79241],[-122.39652,37.7931],[-122.39632,37.79326],[-122.39563,37.79378],[-122.39517,37.79415],[-122.39515,37.79416],[-122.39511,37.79419],[-122.39508,37.79421],[-122.39504,37.79423],[-122.39502,37.79424],[-122.39499,37.79426],[-122.39497,37.79427],[-122.39495,37.79428],[-122.39492,37.79429],[-122.3949,37.79431],[-122.39487,37.79431],[-122.39486,37.79432],[-122.39485,37.79433],[-122.39482,37.79434],[-122.39478,37.79435],[-122.39475,37.79436],[-122.39472,37.79437],[-122.39469,37.79438],[-122.39465,37.79439],[-122.39462,37.7944],[-122.3946,37.7944],[-122.39458,37.7944],[-122.39456,37.79441],[-122.39454,37.79441],[-122.39452,37.79441],[-122.3945,37.79442],[-122.39448,37.79442],[-122.39446,37.79442],[-122.39443,37.79442],[-122.39442,37.79442],[-122.39441,37.79442],[-122.39438,37.79442],[-122.39435,37.79443],[-122.39432,37.79443],[-122.39429,37.79443],[-122.39426,37.79443],[-122.39422,37.79442],[-122.39419,37.79442],[-122.39418,37.79442],[-122.39416,37.79442],[-122.39413,37.79442],[-122.39409,37.79441],[-122.39405,37.7944],[-122.39404,37.7944],[-122.39402,37.7944],[-122.39399,37.79439],[-122.39395,37.79438],[-122.39392,37.79438],[-122.39391,37.79437],[-122.39389,37.79437],[-122.39386,37.79436],[-122.39384,37.79435],[-122.39381,37.79434],[-122.3938,37.79434],[-122.39379,37.79433],[-122.39375,37.79432],[-122.39371,37.7943],[-122.39368,37.79428],[-122.39366,37.79428],[-122.39364,37.79427],[-122.39358,37.79423],[-122.39351,37.7942],[-122.39345,37.79417],[-122.39341,37.79414],[-122.39262,37.79369],[-122.39222,37.79344],[-122.39171,37.79305]]]},"properties":{"route":"L","name":"L Taraval","mode":"metro","color":"#92278F"}},{"type":"Feature","geometry":{"type":"MultiLineString","coordinates":[[[-122.44657,37.72062],[-122.44665,37.72066],[-122.44668,37.72067],[-122.44715,37.7201],[-122.44752,37.71961],[-122.44758,37.71949],[-122.44796,37.71893],[-122.44831,37.7186],[-122.44862,37.7184],[-122.4489,37.71818],[-122.4491,37.71789],[-122.44927,37.71754],[-122.44958,37.71712],[-122.45039,37.71617],[-122.45097,37.7155],[-122.45192,37.71439],[-122.45219,37.71411],[-122.45255,37.71371],[-122.45347,37.71322],[-122.45607,37.7132],[-122.45904,37.71318],[-122.46258,37.71316],[-122.46257,37.71391],[-122.4626,37.71403],[-122.46261,37.71431],[-122.46351,37.71431],[-122.46441,37.7143],[-122.46531,37.71429],[-122.46621,37.71428],[-122.46711,37.71428],[-122.46801,37.71427],[-122.46891,37.71426],[-122.46959,37.71425],[-122.46981,37.71429],[-122.47,37.71446],[-122.47048,37.71497],[-122.47072,37.71522],[-122.47159,37.71613],[-122.47258,37.71718],[-122.47475,37.71953],[-122.47499,37.71993],[-122.47524,37.72045],[-122.47523,37.72106],[-122.47511,37.72309],[-122.47502,37.72493],[-122.47498,37.72569],[-122.47492,37.72692],[-122.47482,37.72901],[-122.47479,37.72963],[-122.47482,37.73033],[-122.47482,37.73033],[-122.47465,37.73047],[-122.47457,37.73069],[-122.47439,37.73107],[-122.47437,37.7311],[-122.47422,37.73133],[-122.47377,37.73192],[-122.47259,37.73344],[-122.47197,37.73424],[-122.47158,37.73471],[-122.47141,37.73501],[-122.47108,37.73561],[-122.47059,37.73659],[-122.46992,37.73722],[-122.46907,37.73797],[-122.467,37.73973],[-122.46584,37.7409],[-122.46566,37.74107],[-122.46404,37.74305],[-122.46386,37.74328],[-122.46367,37.74351],[-122.46348,37.74374],[-122.46291,37.74443],[-122.46273,37.74466],[-122.46234,37.74512],[-122.46224,37.74524],[-122.46204,37.74546],[-122.46194,37.74556],[-122.46174,37.74578],[-122.46153,37.746],[-122.46131,37.74622],[-122.46109,37.74643],[-122.46086,37.74664],[-122.46063,37.74684],[-122.46046,37.74699],[-122.46016,37.74724],[-122.45991,37.74744],[-122.45967,37.74763],[-122.45841,37.74857],[-122.45423,37.75145],[-122.44796,37.75577],[-122.44708,37.75637],[-122.44691,37.75648],[-122.44665,37.75666],[-122.44655,37.75673],[-122.44639,37.75684],[-122.44613,37.75702],[-122.44586,37.7572],[-122.4456,37.75738],[-122.44534,37.75756],[-122.44508,37.75774],[-122.44482,37.75792],[-122.44456,37.7581],[-122.44429,37.75828],[-122.44403,37.75846],[-122.44388,37.75856],[-122.44377,37.75864],[-122.44351,37.75882],[-122.44325,37.759],[-122.44299,37.75918],[-122.4422,37.75972],[-122.44178,37.76001],[-122.44142,37.76026],[-122.44116,37.76044],[-122.44099,37.76056],[-122.4409,37.76062],[-122.44085,37.76066],[-122.44073,37.76074],[-122.4406,37.76084],[-122.44048,37.76091],[-122.44038,37.76098],[-122.44032,37.76102],[-122.44019,37.76111],[-122.44011,37.76116],[-122.44006,37.76118],[-122.43999,37.76122],[-122.43993,37.76125],[-122.43986,37.76129],[-122.43979,37.76132],[-122.43977,37.76133],[-122.43971,37.76136],[-122.43967,37.76138],[-122.43964,37.76138],[-122.4396,37.7614],[-122.43957,37.76141],[-122.43953,37.76143],[-122.4395,37.76144],[-122.43945,37.76146],[-122.43939,37.76148],[-122.43934,37.7615],[-122.4393,37.76151],[-122.43926,37.76152],[-122.4392,37.76154],[-122.43912,37.76156],[-122.43904,37.76158],[-122.43896,37.7616],[-122.43888,37.76162],[-122.43879,37.76164],[-122.43862,37.76167],[-122.43843,37.7617],[-122.43767,37.76183],[-122.43736,37.76188],[-122.43708,37.76193],[-122.43702,37.76194],[-122.43695,37.76196],[-122.43679,37.76199],[-122.4366,37.76205],[-122.43644,37.76209],[-122.43617,37.76219],[-122.4359,37.76231],[-122.43572,37.76239],[-122.43546,37.76252],[-122.4352,37.76268],[-122.43496,37.76285],[-122.43457,37.76314],[-122.43334,37.76404],[-122.43309,37.7642],[-122.43104,37.76587],[-122.43084,37.76602],[-122.42896,37.76751],[-122.42867,37.76774],[-122.42737,37.76878],[-122.42695,37.76911],[-122.42632,37.76961],[-122.42486,37.77075],[-122.424,37.77144],[-122.42368,37.77169],[-122.42341,37.77189],[-122.42263,37.77251],[-122.42218,37.77286],[-122.42195,37.77304],[-122.4213,37.77356],[-122.42102,37.77378],[-122.42071,37.77401],[-122.42027,37.77436],[-122.41927,37.77515],[-122.4187,37.77559],[-122.41751,37.77655],[-122.4163,37.7775],[-122.41594,37.7778],[-122.41475,37.77872],[-122.41253,37.78048],[-122.41199,37.78091],[-122.41164,37.78119],[-122.4103,37.78224],[-122.40896,37.78329],[-122.40808,37.784],[-122.40584,37.78575],[-122.4046,37.78674],[-122.40344,37.78765],[-122.40292,37.78809],[-122.40208,37.78873],[-122.40139,37.78927],[-122.40008,37.79031],[-122.39949,37.79075],[-122.39916,37.79102],[-122.39828,37.79172],[-122.3974,37.79241],[-122.39652,37.7931],[-122.39632,37.79326],[-122.39563,37.79378],[-122.39517,37.79415],[-122.39515,37.79416],[-122.39511,37.79419],[-122.39508,37.79421],[-122.39504,37.79423],[-122.39502,37.79424],[-122.39499,37.79426],[-122.39497,37.79427],[-122.39495,37.79428],[-122.39492,37.79429],[-122.3949,37.79431],[-122.39487,37.79431],[-122.39486,37.79432],[-122.39485,37.79433],[-122.39482,37.79434],[-122.39478,37.79435],[-122.39475,37.79436],[-122.39472,37.79437],[-122.39469,37.79438],[-122.39465,37.79439],[-122.39462,37.7944],[-122.3946,37.7944],[-122.39458,37.7944],[-122.39456,37.79441],[-122.39454,37.79441],[-122.39452,37.79441],[-122.3945,37.79442],[-122.39448,37.79442],[-122.39446,37.79442],[-122.39443,37.79442],[-122.39442,37.79442],[-122.39441,37.79442],[-122.39438,37.79442],[-122.39435,37.79443],[-122.39432,37.79443],[-122.39429,37.79443],[-122.39426,37.79443],[-122.39422,37.79442],[-122.39419,37.79442],[-122.39418,37.79442],[-122.39416,37.79442],[-122.39413,37.79442],[-122.39409,37.79441],[-122.39405,37.7944],[-122.39404,37.7944],[-122.39402,37.7944],[-122.39399,37.79439],[-122.39395,37.79438],[-122.39392,37.79438],[-122.39391,37.79437],[-122.39389,37.79437],[-122.39386,37.79436],[-122.39384,37.79435],[-122.39381,37.79434],[-122.3938,37.79434],[-122.39379,37.79433],[-122.39375,37.79432],[-122.39371,37.7943],[-122.39368,37.79428],[-122.39366,37.79428],[-122.39364,37.79427],[-122.39358,37.79423],[-122.39351,37.7942],[-122.39345,37.79417],[-122.39341,37.79414],[-122.39262,37.79369],[-122.39222,37.79344],[-122.39171,37.79305]]]},"properties":{"route":"M","name":"M Ocean View","mode":"metro","color":"#00854C"}},{"type":"Feature","geometry":{"type":"MultiLineString","coordinates":[[[-122.39776,37.77318],[-122.39736,37.77373],[-122.39639,37.7745],[-122.39627,37.77458],[-122.39405,37.77634],[-122.39185,37.77813],[-122.3896,37.77987],[-122.38889,37.7804],[-122.38861,37.78071],[-122.38849,37.78089],[-122.38841,37.78106],[-122.38836,37.78125],[-122.38832,37.78149],[-122.38832,37.7818],[-122.38816,37.78324],[-122.38804,37.78478],[-122.38781,37.7871],[-122.38783,37.78792],[-122.3879,37.78826],[-122.38796,37.78848],[-122.38813,37.78902],[-122.38827,37.78931],[-122.38838,37.78947],[-122.38849,37.78958],[-122.38897,37.78995],[-122.38939,37.7903],[-122.3896,37.79047],[-122.3898,37.79062],[-122.39002,37.79083],[-122.39022,37.791],[-122.39025,37.79104],[-122.39028,37.79108],[-122.39032,37.79112],[-122.39036,37.79118],[-122.39042,37.79127],[-122.39048,37.79137],[-122.39055,37.7915],[-122.39057,37.79156],[-122.3906,37.79163],[-122.39072,37.79193],[-122.39078,37.79211],[-122.39085,37.79223],[-122.39088,37.79229],[-122.39095,37.79239],[-122.39101,37.79247],[-122.39106,37.79251],[-122.39108,37.79254],[-122.3911,37.79257],[-122.39118,37.79263],[-122.39131,37.79274],[-122.39147,37.79286],[-122.39171,37.79305],[-122.39222,37.79344],[-122.39262,37.79369],[-122.39341,37.79414],[-122.39345,37.79417],[-122.39351,37.7942],[-122.39358,37.79423],[-122.39364,37.79427],[-122.39366,37.79428],[-122.39368,37.79428],[-122.39371,37.7943],[-122.39375,37.79432],[-122.39379,37.79433],[-122.3938,37.79434],[-122.39381,37.79434],[-122.39384,37.79435],[-122.39386,37.79436],[-122.39389,37.79437],[-122.39391,37.79437],[-122.39392,37.79438],[-122.39395,37.79438],[-122.39399,37.79439],[-122.39402,37.7944],[-122.39404,37.7944],[-122.39405,37.7944],[-122.39409,37.79441],[-122.39413,37.79442],[-122.39416,37.79442],[-122.39418,37.79442],[-122.39419,37.79442],[-122.39422,37.79442],[-122.39426,37.79443],[-122.39429,37.79443],[-122.39432,37.79443],[-122.39435,37.79443],[-122.39438,37.79442],[-122.39441,37.79442],[-122.39442,37.79442],[-122.39443,37.79442],[-122.39446,37.79442],[-122.39448,37.79442],[-122.3945,37.79442],[-122.39452,37.79441],[-122.39454,37.79441],[-122.39456,37.79441],[-122.39458,37.7944],[-122.3946,37.7944],[-122.39462,37.7944],[-122.39465,37.79439],[-122.39469,37.79438],[-122.39472,37.79437],[-122.39475,37.79436],[-122.39478,37.79435],[-122.39482,37.79434],[-122.39485,37.79433],[-122.39486,37.79432],[-122.39487,37.79431],[-122.3949,37.79431],[-122.39492,37.79429],[-122.39495,37.79428],[-122.39497,37.79427],[-122.39499,37.79426],[-122.39502,37.79424],[-122.39504,37.79423],[-122.39508,37.79421],[-122.39511,37.79419],[-122.39515,37.79416],[-122.39517,37.79415],[-122.39563,37.79378],[-122.39632,37.79326],[-122.39652,37.7931],[-122.3974,37.79241],[-122.39828,37.79172],[-122.39916,37.79102],[-122.39949,37.79075],[-122.40008,37.79031],[-122.40139,37.78927],[-122.40208,37.78873],[-122.40292,37.78809],[-122.40344,37.78765],[-122.4046,37.78674],[-122.40584,37.78575],[-122.40808,37.784],[-122.40896,37.78329],[-122.4103,37.78224],[-122.41164,37.78119],[-122.41199,37.78091],[-122.41253,37.78048],[-122.41475,37.77872],[-122.41594,37.7778],[-122.4163,37.7775],[-122.41751,37.77655],[-122.4187,37.77559],[-122.41927,37.77515],[-122.42027,37.77436],[-122.42071,37.77401],[-122.42102,37.77378],[-122.4213,37.77356],[-122.42195,37.77304],[-122.42218,37.77286],[-122.42263,37.77251],[-122.42341,37.77189],[-122.42368,37.77169],[-122.424,37.77144],[-122.42486,37.77075],[-122.42632,37.76961],[-122.4267,37.76954],[-122.429,37.7694],[-122.42914,37.76946],[-122.42992,37.76941],[-122.43026,37.7694],[-122.43137,37.76933],[-122.43158,37.76931],[-122.43248,37.76925],[-122.43302,37.76922],[-122.43301,37.76922],[-122.43317,37.76926],[-122.4334,37.76932],[-122.43341,37.76932],[-122.43461,37.76927],[-122.43461,37.76927],[-122.44868,37.76644],[-122.44885,37.76639],[-122.44886,37.7664],[-122.44905,37.76631],[-122.44905,37.7663],[-122.44938,37.76599],[-122.44938,37.76599],[-122.44952,37.76589],[-122.44997,37.76581],[-122.45141,37.76562],[-122.45277,37.76545],[-122.45442,37.76524],[-122.45677,37.76494],[-122.45773,37.76481],[-122.45771,37.76455],[-122.45783,37.76441],[-122.45883,37.76437],[-122.4599,37.76432],[-122.46097,37.76428],[-122.46204,37.76423],[-122.46312,37.76418],[-122.46419,37.76414],[-122.46526,37.76409],[-122.46632,37.76404],[-122.46619,37.76218],[-122.46727,37.76213],[-122.46833,37.76209],[-122.4694,37.76204],[-122.47048,37.76199],[-122.47155,37.76194],[-122.47267,37.7619],[-122.47379,37.76185],[-122.47487,37.7618],[-122.47594,37.76175],[-122.47702,37.7617],[-122.47808,37.76166],[-122.47915,37.76161],[-122.48022,37.76156],[-122.48129,37.76152],[-122.48237,37.76147],[-122.48344,37.76142],[-122.48451,37.76138],[-122.48558,37.76133],[-122.48665,37.76128],[-122.48772,37.76123],[-122.48879,37.76119],[-122.48987,37.76114],[-122.49093,37.76109],[-122.49201,37.76104],[-122.49308,37.761],[-122.49415,37.76095],[-122.49471,37.76093],[-122.49523,37.7609],[-122.49576,37.76088],[-122.4963,37.76085],[-122.49737,37.76081],[-122.49844,37.76076],[-122.49951,37.76071],[-122.50058,37.76067],[-122.50165,37.76062],[-122.50273,37.76057],[-122.5038,37.76052],[-122.50487,37.76048],[-122.50594,37.76043],[-122.50701,37.76038],[-122.50808,37.76033],[-122.50813,37.76036],[-122.50853,37.76035]]]},"properties":{"route":"N","name":"N Judah","mode":"metro","color":"#0A5CA6"}},{"type":"Feature","geometry":{"type":"MultiLineString","coordinates":[[[-122.40809,37.79494],[-122.40755,37.79225],[-122.40735,37.7913],[-122.40716,37.79037],[-122.40697,37.78944],[-122.40688,37.78899],[-122.40678,37.7885],[-122.4067,37.78804],[-122.4066,37.78757],[-122.40641,37.78662],[-122.40624,37.78576],[-122.40584,37.78575],[-122.40525,37.78527],[-122.40481,37.78491],[-122.40428,37.78448],[-122.40372,37.78405],[-122.40272,37.78326],[-122.40171,37.78246],[-122.40117,37.78203],[-122.40063,37.78159],[-122.40016,37.78122],[-122.39963,37.7808],[-122.39909,37.78037],[-122.39861,37.77998],[-122.39807,37.77957],[-122.39755,37.77914],[-122.39707,37.77876],[-122.39654,37.77833],[-122.39576,37.7777],[-122.39499,37.77709],[-122.39405,37.77634],[-122.39337,37.77579],[-122.39236,37.77503],[-122.39192,37.77468],[-122.39189,37.77466],[-122.39165,37.77455],[-122.39154,37.77451],[-122.39146,37.77451],[-122.3899,37.77461],[-122.38988,37.7746],[-122.38986,37.77456],[-122.3897,37.77294],[-122.38961,37.772],[-122.38952,37.77112],[-122.38948,37.77066],[-122.3894,37.76977],[-122.38931,37.76883],[-122.38921,37.76788],[-122.38911,37.76691],[-122.38886,37.76433],[-122.38875,37.76305],[-122.3887,37.76177],[-122.38857,37.7605],[-122.38833,37.75794],[-122.38801,37.7554],[-122.38789,37.75412],[-122.38777,37.75284],[-122.38765,37.75156],[-122.3876,37.75027],[-122.38747,37.74901],[-122.38719,37.74616],[-122.38714,37.74507],[-122.38738,37.74426],[-122.38747,37.74412],[-122.38764,37.74353],[-122.38794,37.74271],[-122.38821,37.74189],[-122.38849,37.74111],[-122.38877,37.74032],[-122.38904,37.73954],[-122.38922,37.73903],[-122.38932,37.73875],[-122.3896,37.73796],[-122.38988,37.73717],[-122.39016,37.7364],[-122.39043,37.7356],[-122.39071,37.7348],[-122.39098,37.73402],[-122.39126,37.73323],[-122.39153,37.73244],[-122.39181,37.73165],[-122.39208,37.73086],[-122.39216,37.73065],[-122.39236,37.73007],[-122.39264,37.72928],[-122.39278,37.72888],[-122.39291,37.72849],[-122.39324,37.72774],[-122.39358,37.72698],[-122.39392,37.72624],[-122.39426,37.72548],[-122.3946,37.72473],[-122.39494,37.72398],[-122.39528,37.72323],[-122.3955,37.72274],[-122.39563,37.72244],[-122.39596,37.72172],[-122.39629,37.72099],[-122.3964,37.72072],[-122.39663,37.72024],[-122.39697,37.71948],[-122.39749,37.71884],[-122.39751,37.71873],[-122.39799,37.71818],[-122.39818,37.71779],[-122.39825,37.71747],[-122.39824,37.71663],[-122.39831,37.71631],[-122.39849,37.71599],[-122.39885,37.71546],[-122.399,37.71534],[-122.39937,37.71437],[-122.39983,37.71389],[-122.40009,37.71361],[-122.40067,37.71306],[-122.40077,37.71296],[-122.40093,37.7128],[-122.40129,37.71255],[-122.40165,37.71241],[-122.40214,37.7123],[-122.40233,37.71223],[-122.40247,37.71218],[-122.4028,37.7121],[-122.40302,37.71197],[-122.40322,37.71179],[-122.40366,37.71119],[-122.40424,37.71041],[-122.40474,37.70965],[-122.40512,37.70886]]]},"properties":{"route":"T","name":"T Third Street","mode":"metro","color":"#BF2E3B"}},{"type":"Feature","geometry":{"type":"MultiLineString","coordinates":[[[-122.43494,37.7625],[-122.4352,37.76267],[-122.43496,37.76285],[-122.43457,37.76314],[-122.43334,37.76404],[-122.43308,37.7642],[-122.43104,37.76587],[-122.43083,37.76602],[-122.42895,37.76751],[-122.42866,37.76774],[-122.42736,37.76878],[-122.42694,37.76911],[-122.42631,37.7696],[-122.42486,37.77074],[-122.42399,37.77143],[-122.42362,37.77171],[-122.42262,37.7725],[-122.42217,37.77285],[-122.42195,37.77303],[-122.42129,37.77355],[-122.42102,37.77377],[-122.42071,37.774],[-122.42026,37.77435],[-122.41926,37.77515],[-122.41869,37.77558],[-122.41751,37.77654],[-122.41629,37.77749],[-122.41593,37.77779],[-122.41475,37.77871],[-122.41252,37.78047],[-122.41198,37.7809],[-122.41163,37.78118],[-122.4103,37.78223],[-122.40896,37.78328],[-122.40807,37.78398],[-122.40584,37.78574],[-122.40459,37.78672],[-122.40344,37.78763],[-122.40291,37.78808],[-122.40207,37.78871],[-122.40139,37.78925],[-122.40007,37.7903],[-122.39948,37.79073],[-122.39915,37.79101],[-122.39827,37.79171],[-122.39739,37.7924],[-122.39651,37.79309],[-122.3963,37.79325],[-122.39563,37.79378],[-122.39476,37.79447],[-122.39379,37.79369],[-122.3934,37.79399],[-122.39305,37.79426],[-122.39541,37.79668],[-122.39652,37.79795],[-122.39768,37.79923],[-122.39913,37.80089],[-122.40059,37.80253],[-122.4014,37.80343],[-122.40198,37.80407],[-122.40344,37.80518],[-122.40451,37.80594],[-122.40479,37.80615],[-122.40572,37.80662],[-122.40624,37.80685],[-122.40731,37.80737],[-122.40906,37.8081],[-122.4105,37.80833],[-122.4124,37.80862],[-122.41253,37.80862],[-122.41417,37.80842],[-122.41581,37.80821],[-122.41745,37.80801],[-122.41732,37.80724]]]},"properties":{"route":"F","name":"F Market & Wharves","mode":"streetcar","color":"#4E7A27"}},{"type":"Feature","geometry":{"type":"MultiLineString","coordinates":[[[-122.40765,37.78441],[-122.40771,37.7847],[-122.40787,37.7855],[-122.40805,37.78641],[-122.40824,37.78736],[-122.40841,37.7883],[-122.40861,37.78923],[-122.40874,37.78986],[-122.4088,37.79016],[-122.40893,37.79082],[-122.40899,37.79109],[-122.40918,37.79205],[-122.40937,37.79297],[-122.40955,37.79378],[-122.40955,37.79386],[-122.40973,37.79474],[-122.40991,37.79562],[-122.41109,37.79547],[-122.41155,37.79541],[-122.41191,37.79537],[-122.41235,37.79531],[-122.4132,37.7952],[-122.41484,37.79499],[-122.41648,37.79478],[-122.41753,37.79465],[-122.41813,37.79457],[-122.41831,37.79547],[-122.41836,37.79572],[-122.41847,37.79628],[-122.41868,37.79734],[-122.41887,37.79827],[-122.41893,37.79857],[-122.41897,37.79873],[-122.419,37.7989],[-122.41906,37.7992],[-122.41912,37.79949],[-122.41912,37.79951],[-122.41925,37.80014],[-122.41944,37.80107],[-122.41963,37.802],[-122.41981,37.80293],[-122.42001,37.80389],[-122.42008,37.80424],[-122.42019,37.80479],[-122.42028,37.80524],[-122.42038,37.80573],[-122.42057,37.80666]]]},"properties":{"route":"PH","name":"Powell-Hyde","mode":"cable","color":"#7A4E24"}},{"type":"Feature","geometry":{"type":"MultiLineString","coordinates":[[[-122.40765,37.78441],[-122.40771,37.7847],[-122.40787,37.7855],[-122.40805,37.78641],[-122.40824,37.78736],[-122.40841,37.7883],[-122.40861,37.78923],[-122.40874,37.78986],[-122.4088,37.79016],[-122.40893,37.79082],[-122.40899,37.79109],[-122.40918,37.79205],[-122.40937,37.79297],[-122.40955,37.79378],[-122.40955,37.79386],[-122.40973,37.79474],[-122.40991,37.79562],[-122.41109,37.79547],[-122.41155,37.79541],[-122.41164,37.79586],[-122.41173,37.7963],[-122.4119,37.79714],[-122.41211,37.79817],[-122.4123,37.7991],[-122.41242,37.79972],[-122.41243,37.79977],[-122.41248,37.80004],[-122.41254,37.80033],[-122.41267,37.80097],[-122.41277,37.80143],[-122.41286,37.8019],[-122.41292,37.80219],[-122.41373,37.80275],[-122.41489,37.80355],[-122.41501,37.80421],[-122.41506,37.80449],[-122.41522,37.80523],[-122.41525,37.80536]]]},"properties":{"route":"PM","name":"Powell-Mason","mode":"cable","color":"#7A4E24"}},{"type":"Feature","geometry":{"type":"MultiLineString","coordinates":[[[-122.3964,37.79367],[-122.39762,37.79351],[-122.39879,37.79336],[-122.39997,37.79321],[-122.40114,37.79306],[-122.40197,37.79296],[-122.40278,37.79286],[-122.40384,37.79272],[-122.40443,37.79264],[-122.40567,37.79249],[-122.40595,37.79245],[-122.40673,37.79236],[-122.40753,37.79226],[-122.4081,37.79218],[-122.40838,37.79214],[-122.40888,37.79209],[-122.40918,37.79205],[-122.41083,37.79184],[-122.41172,37.79173],[-122.41247,37.79163],[-122.41412,37.79142],[-122.41576,37.79121],[-122.41611,37.79116],[-122.4174,37.79098],[-122.41905,37.79079],[-122.4207,37.79058],[-122.42224,37.79039]]]},"properties":{"route":"C","name":"California","mode":"cable","color":"#7A4E24"}},{"type":"Feature","geometry":{"type":"MultiLineString","coordinates":[[[-122.51001,37.77357],[-122.50991,37.7714],[-122.50884,37.77145],[-122.50776,37.7715],[-122.5067,37.77155],[-122.50562,37.7716],[-122.50456,37.77164],[-122.50348,37.77169],[-122.50241,37.77174],[-122.50134,37.77179],[-122.50027,37.77184],[-122.4992,37.77189],[-122.49813,37.77194],[-122.49706,37.77199],[-122.49599,37.77204],[-122.49492,37.77208],[-122.49384,37.77213],[-122.49277,37.77218],[-122.4917,37.77223],[-122.49063,37.77228],[-122.48955,37.77233],[-122.48848,37.77238],[-122.48741,37.77243],[-122.48635,37.77248],[-122.48528,37.77253],[-122.48421,37.77257],[-122.48313,37.77262],[-122.48206,37.77267],[-122.48099,37.77272],[-122.47992,37.77277],[-122.47885,37.77282],[-122.47778,37.77287],[-122.47671,37.77292],[-122.47563,37.77297],[-122.47456,37.77302],[-122.47344,37.77307],[-122.47231,37.77312],[-122.47177,37.77314],[-122.47125,37.77317],[-122.47017,37.77321],[-122.4691,37.77326],[-122.46804,37.77331],[-122.46696,37.77336],[-122.4659,37.7734],[-122.46576,37.77334],[-122.4659,37.7734],[-122.46534,37.77343],[-122.46482,37.77349],[-122.46376,37.77363],[-122.4627,37.77376],[-122.46163,37.7739],[-122.46057,37.77404],[-122.4595,37.77417],[-122.45838,37.77431],[-122.4563,37.77456],[-122.45526,37.77469],[-122.4547,37.77476],[-122.45302,37.77497],[-122.45282,37.775],[-122.45137,37.77518],[-122.44972,37.7754],[-122.44886,37.7755],[-122.44808,37.7756],[-122.44746,37.77568],[-122.44648,37.77581],[-122.44479,37.77602],[-122.44498,37.77696],[-122.44333,37.77717],[-122.44169,37.77738],[-122.44004,37.77759],[-122.43838,37.7778],[-122.43671,37.77801],[-122.43506,37.77822],[-122.43342,37.77843],[-122.43178,37.77864],[-122.43091,37.77875],[-122.43006,37.77886],[-122.42684,37.77926],[-122.42355,37.77968],[-122.4219,37.7799],[-122.42047,37.78007],[-122.42026,37.78008],[-122.42005,37.78008],[-122.41861,37.78026],[-122.41696,37.78048],[-122.41682,37.78054],[-122.41615,37.78062],[-122.41533,37.78072],[-122.41369,37.78093],[-122.41316,37.781],[-122.41204,37.78114],[-122.41164,37.78119],[-122.4103,37.78224],[-122.40896,37.78329],[-122.40897,37.7833],[-122.40808,37.784],[-122.40584,37.78575],[-122.4046,37.78674],[-122.40344,37.78765],[-122.40292,37.78809],[-122.40208,37.78873],[-122.40139,37.78927],[-122.40008,37.79031],[-122.39949,37.79075],[-122.39916,37.79102],[-122.39828,37.79172],[-122.3974,37.79241],[-122.39583,37.79116],[-122.39492,37.79041],[-122.39513,37.79023]]]},"properties":{"route":"5R","name":"5R Fulton Rapid","mode":"rapid","color":"#E4572E"}},{"type":"Feature","geometry":{"type":"MultiLineString","coordinates":[[[-122.42402,37.71415],[-122.42209,37.71326],[-122.42204,37.71285],[-122.42185,37.71247],[-122.42164,37.71219],[-122.42198,37.71202],[-122.42214,37.71172],[-122.42225,37.71132],[-122.42242,37.71097],[-122.42282,37.71052],[-122.42304,37.71038],[-122.42338,37.71031],[-122.42419,37.71027],[-122.42456,37.71011],[-122.42405,37.70964],[-122.42337,37.70926],[-122.42293,37.70912],[-122.42228,37.70893],[-122.42163,37.70875],[-122.42094,37.70855],[-122.4201,37.70832],[-122.41925,37.70807],[-122.4184,37.70784],[-122.41755,37.7076],[-122.4167,37.70734],[-122.41581,37.70709],[-122.415,37.7069],[-122.41411,37.70664],[-122.41329,37.70642],[-122.41296,37.70715],[-122.41251,37.70802],[-122.41224,37.70862],[-122.41198,37.70922],[-122.41178,37.70967],[-122.41157,37.71013],[-122.41136,37.71061],[-122.41045,37.71035],[-122.4096,37.71011],[-122.40865,37.70985],[-122.40775,37.7096],[-122.40688,37.70935],[-122.40624,37.70917],[-122.40599,37.7091],[-122.40512,37.70886],[-122.40474,37.70965],[-122.40424,37.71041],[-122.40366,37.71119],[-122.40322,37.71179],[-122.40302,37.71197],[-122.4028,37.7121],[-122.40247,37.71218],[-122.40248,37.71244],[-122.40227,37.71256],[-122.40212,37.71272],[-122.40211,37.7128],[-122.40211,37.713],[-122.40211,37.71351],[-122.40199,37.71418],[-122.4019,37.71436],[-122.4018,37.71446],[-122.40164,37.71452],[-122.40122,37.71453],[-122.40046,37.71474],[-122.39995,37.71488],[-122.39971,37.71502],[-122.39958,37.71521],[-122.39956,37.7154],[-122.39975,37.71619],[-122.39984,37.71666],[-122.40002,37.71742],[-122.40005,37.71754],[-122.40014,37.71791],[-122.40029,37.71851],[-122.40045,37.71917],[-122.40075,37.72041],[-122.40093,37.72118],[-122.40109,37.72154],[-122.40114,37.72167],[-122.40143,37.72237],[-122.40162,37.72284],[-122.40207,37.72393],[-122.40212,37.72404],[-122.40261,37.72524],[-122.40311,37.72644],[-122.4036,37.72764],[-122.40411,37.72884],[-122.40461,37.73004],[-122.40472,37.73032],[-122.4051,37.73124],[-122.40562,37.73244],[-122.40467,37.73295],[-122.40511,37.73372],[-122.40551,37.73429],[-122.40647,37.73551],[-122.40663,37.7359],[-122.40672,37.73631],[-122.40692,37.73797],[-122.40688,37.73815],[-122.40693,37.73846],[-122.40696,37.7387],[-122.40695,37.73888],[-122.40695,37.73909],[-122.40694,37.73924],[-122.40694,37.7393],[-122.40692,37.73943],[-122.40699,37.73957],[-122.40688,37.7397],[-122.40682,37.74028],[-122.40671,37.74081],[-122.40639,37.74138],[-122.40597,37.74196],[-122.40559,37.74246],[-122.40525,37.74292],[-122.40525,37.74306],[-122.40506,37.74318],[-122.40493,37.74335],[-122.40449,37.74397],[-122.404,37.74524],[-122.40395,37.74539],[-122.40391,37.74562],[-122.40389,37.74572],[-122.40384,37.74602],[-122.40375,37.74652],[-122.4036,37.74721],[-122.40357,37.74777],[-122.40369,37.74806],[-122.40381,37.74833],[-122.40417,37.7487],[-122.40453,37.74896],[-122.40496,37.74926],[-122.40533,37.74958],[-122.40596,37.75073],[-122.40606,37.75092],[-122.4061,37.75108],[-122.40612,37.75126],[-122.4062,37.75137],[-122.40623,37.75173],[-122.40635,37.75301],[-122.40646,37.75428],[-122.40649,37.75457],[-122.40665,37.75617],[-122.40671,37.75684],[-122.40681,37.75777],[-122.40696,37.75937],[-122.40708,37.76067],[-122.4072,37.76194],[-122.40732,37.76319],[-122.40743,37.76449],[-122.40755,37.76579],[-122.4077,37.76709],[-122.40783,37.76836],[-122.40787,37.76896],[-122.40802,37.76925],[-122.40856,37.76921],[-122.40927,37.76918],[-122.40955,37.76917],[-122.41094,37.76942],[-122.41249,37.77063],[-122.41404,37.77187],[-122.41441,37.77216],[-122.41501,37.77265],[-122.41557,37.77311],[-122.41612,37.77354],[-122.41659,37.77391],[-122.41712,37.77433],[-122.4187,37.77559],[-122.41751,37.77655],[-122.4163,37.7775],[-122.41594,37.7778],[-122.41475,37.77872],[-122.41253,37.78048],[-122.41199,37.78091],[-122.41164,37.78119],[-122.4103,37.78224],[-122.40896,37.78329],[-122.40808,37.784],[-122.40584,37.78575],[-122.4046,37.78674],[-122.40344,37.78765],[-122.40292,37.78809],[-122.40208,37.78873],[-122.40139,37.78927],[-122.40008,37.79031],[-122.39949,37.79075],[-122.39916,37.79102],[-122.39828,37.79172],[-122.3974,37.79241],[-122.39652,37.7931],[-122.39632,37.79326],[-122.39563,37.79378],[-122.39407,37.79254],[-122.39495,37.79185],[-122.39499,37.79194]]]},"properties":{"route":"9R","name":"9R San Bruno Rapid","mode":"rapid","color":"#E4572E"}},{"type":"Feature","geometry":{"type":"MultiLineString","coordinates":[[[-122.46778,37.70593],[-122.46783,37.70596],[-122.46784,37.70616],[-122.46779,37.70687],[-122.46802,37.70694],[-122.46826,37.70689],[-122.46927,37.70567],[-122.46927,37.7051],[-122.46874,37.70511],[-122.46781,37.70516],[-122.46671,37.70519],[-122.46547,37.7052],[-122.46425,37.70518],[-122.46233,37.70505],[-122.46213,37.7053],[-122.46173,37.70574],[-122.46147,37.70599],[-122.45907,37.70674],[-122.4581,37.70703],[-122.45715,37.70731],[-122.45675,37.70743],[-122.45627,37.7076],[-122.45529,37.70791],[-122.45505,37.70799],[-122.45429,37.70826],[-122.45268,37.70881],[-122.4509,37.70942],[-122.45051,37.70955],[-122.45011,37.70969],[-122.44932,37.70995],[-122.44894,37.71008],[-122.44839,37.71038],[-122.44769,37.71075],[-122.4464,37.71144],[-122.4461,37.7116],[-122.44554,37.71189],[-122.44476,37.71263],[-122.44458,37.71279],[-122.44396,37.71337],[-122.44372,37.7136],[-122.44336,37.71393],[-122.44267,37.71457],[-122.44258,37.71466],[-122.44191,37.71531],[-122.44181,37.71543],[-122.4417,37.71558],[-122.44157,37.71576],[-122.44103,37.71646],[-122.44043,37.71725],[-122.44012,37.71767],[-122.43951,37.71847],[-122.43888,37.71931],[-122.43834,37.72002],[-122.43747,37.72117],[-122.43716,37.72158],[-122.43648,37.72247],[-122.43605,37.72305],[-122.43599,37.72313],[-122.4354,37.72391],[-122.43533,37.72401],[-122.43488,37.72459],[-122.43481,37.72469],[-122.43444,37.72518],[-122.43399,37.72577],[-122.43364,37.72624],[-122.43337,37.72659],[-122.43292,37.72718],[-122.43282,37.72732],[-122.43246,37.72764],[-122.43238,37.72772],[-122.43181,37.72825],[-122.43131,37.72873],[-122.43082,37.72923],[-122.43019,37.72986],[-122.43012,37.72993],[-122.42932,37.73075],[-122.4264,37.73368],[-122.42613,37.73396],[-122.4258,37.73428],[-122.42472,37.73537],[-122.42448,37.73607],[-122.42425,37.73674],[-122.42408,37.73724],[-122.42405,37.73741],[-122.42396,37.73885],[-122.42394,37.73924],[-122.4238,37.73956],[-122.42359,37.73989],[-122.4231,37.74065],[-122.42285,37.74103],[-122.42238,37.74177],[-122.4221,37.7422],[-122.42198,37.74238],[-122.42169,37.74283],[-122.4215,37.74313],[-122.42091,37.74404],[-122.42003,37.74539],[-122.4199,37.7456],[-122.41952,37.74619],[-122.41913,37.74678],[-122.41823,37.74817],[-122.41811,37.74848],[-122.41811,37.74861],[-122.41815,37.74905],[-122.4183,37.75064],[-122.41846,37.75224],[-122.41861,37.75384],[-122.41876,37.75544],[-122.41891,37.75704],[-122.41902,37.7582],[-122.41907,37.75864],[-122.41922,37.76024],[-122.41937,37.76184],[-122.41946,37.76272],[-122.41949,37.76306],[-122.41952,37.76343],[-122.41968,37.76506],[-122.41984,37.76668],[-122.41999,37.76828],[-122.42005,37.76905],[-122.42002,37.77012],[-122.41987,37.7704],[-122.41977,37.77068],[-122.41966,37.77101],[-122.41962,37.77111],[-122.41919,37.77201],[-122.41871,37.7728],[-122.41863,37.77306],[-122.41842,37.77312],[-122.41804,37.77348],[-122.41766,37.77385],[-122.4172,37.77423],[-122.41712,37.77433],[-122.41592,37.77528],[-122.4155,37.77561],[-122.41514,37.77589],[-122.41472,37.77623],[-122.41412,37.77671],[-122.41317,37.77746],[-122.41243,37.77805],[-122.41095,37.77922],[-122.40872,37.78098],[-122.40727,37.78212],[-122.40718,37.7822],[-122.40649,37.78274],[-122.40604,37.7831],[-122.40488,37.78401],[-122.40428,37.78448],[-122.40204,37.78625],[-122.40127,37.78686],[-122.40052,37.78746],[-122.39981,37.78801],[-122.39937,37.78836],[-122.39858,37.78899],[-122.39833,37.78918],[-122.39759,37.78977],[-122.3967,37.79047],[-122.39583,37.79116],[-122.39495,37.79185],[-122.39652,37.7931],[-122.39632,37.79326],[-122.39563,37.79378],[-122.39476,37.79448],[-122.39387,37.79378],[-122.39319,37.79324],[-122.39407,37.79254],[-122.3948,37.79196],[-122.39488,37.79197]]]},"properties":{"route":"14R","name":"14R Mission Rapid","mode":"rapid","color":"#E4572E"}},{"type":"Feature","geometry":{"type":"MultiLineString","coordinates":[[[-122.46534,37.78485],[-122.46352,37.78513],[-122.46245,37.78527],[-122.46138,37.78541],[-122.46135,37.78496],[-122.46243,37.78491],[-122.46245,37.78527],[-122.46352,37.78513],[-122.46458,37.785],[-122.46564,37.78486],[-122.46671,37.78472],[-122.46778,37.78467],[-122.46885,37.78463],[-122.46992,37.78458],[-122.47099,37.78453],[-122.47206,37.78448],[-122.4726,37.78445],[-122.47246,37.78258],[-122.47232,37.78066],[-122.47219,37.77873],[-122.47205,37.77687],[-122.47192,37.77501],[-122.47177,37.77314],[-122.47177,37.7729],[-122.4718,37.77277],[-122.47187,37.77265],[-122.47195,37.77256],[-122.47214,37.77243],[-122.47244,37.77234],[-122.47346,37.77242],[-122.47394,37.77247],[-122.47437,37.77252],[-122.47469,37.77255],[-122.47508,37.77255],[-122.47534,37.77252],[-122.47576,37.77248],[-122.47618,37.77243],[-122.47665,37.7724],[-122.47725,37.77237],[-122.47784,37.77234],[-122.47833,37.77234],[-122.47878,37.77225],[-122.47906,37.77209],[-122.47928,37.77194],[-122.47943,37.77167],[-122.47952,37.77127],[-122.47939,37.77104],[-122.47917,37.77065],[-122.47891,37.77018],[-122.47865,37.76972],[-122.47854,37.76949],[-122.47846,37.76926],[-122.47838,37.76891],[-122.47835,37.76863],[-122.47832,37.7683],[-122.47826,37.76791],[-122.47818,37.76763],[-122.47807,37.76737],[-122.47796,37.76719],[-122.47786,37.76704],[-122.47757,37.76664],[-122.47747,37.76644],[-122.47744,37.76634],[-122.4774,37.7662],[-122.47737,37.76607],[-122.47732,37.76545],[-122.47719,37.76356],[-122.47702,37.7617],[-122.47683,37.75984],[-122.4767,37.75797],[-122.47657,37.75612],[-122.47644,37.75425],[-122.4763,37.75238],[-122.47618,37.75052],[-122.47605,37.74865],[-122.47592,37.74679],[-122.47579,37.74492],[-122.47566,37.74306],[-122.47555,37.74119],[-122.47542,37.73933],[-122.4753,37.73746],[-122.47512,37.73463],[-122.47497,37.73246],[-122.47487,37.73107],[-122.47482,37.73033],[-122.47482,37.73033],[-122.47479,37.72963],[-122.47482,37.72901],[-122.47492,37.72692],[-122.47498,37.72569],[-122.47502,37.72493],[-122.47511,37.72309],[-122.47523,37.72106],[-122.47524,37.72045],[-122.47499,37.71993],[-122.47475,37.71953],[-122.47258,37.71718],[-122.47265,37.71691],[-122.47239,37.71613],[-122.47185,37.71465],[-122.47172,37.71423],[-122.47161,37.71385],[-122.47149,37.71343],[-122.47136,37.71275],[-122.47132,37.71248],[-122.47127,37.71184],[-122.47127,37.7116],[-122.47123,37.70894],[-122.47129,37.70861],[-122.47134,37.70821],[-122.47155,37.70722],[-122.47162,37.70657],[-122.47191,37.70604],[-122.47208,37.70534],[-122.47223,37.70461],[-122.47239,37.70417],[-122.4726,37.70401],[-122.47281,37.70397],[-122.47311,37.70408],[-122.47328,37.70425],[-122.47326,37.70441],[-122.47312,37.70458],[-122.47295,37.70478],[-122.4718,37.705],[-122.47096,37.7051],[-122.47081,37.70509],[-122.47013,37.70508],[-122.46965,37.70509],[-122.46927,37.7051],[-122.46874,37.70511],[-122.46781,37.70516],[-122.46784,37.70616],[-122.46804,37.7062],[-122.46833,37.70633],[-122.46869,37.70589]]]},"properties":{"route":"28R","name":"28R 19th Ave Rapid","mode":"rapid","color":"#E4572E"}},{"type":"Feature","geometry":{"type":"MultiLineString","coordinates":[[[-122.50941,37.77899],[-122.50725,37.77907],[-122.50618,37.77912],[-122.5051,37.77916],[-122.50403,37.77921],[-122.50296,37.77926],[-122.50188,37.77931],[-122.50082,37.77936],[-122.49974,37.77941],[-122.49868,37.77946],[-122.4976,37.77951],[-122.49654,37.77956],[-122.49545,37.7796],[-122.49439,37.77965],[-122.49331,37.77969],[-122.49224,37.77975],[-122.49118,37.7798],[-122.49011,37.77984],[-122.48903,37.7799],[-122.48796,37.77995],[-122.48689,37.78],[-122.48582,37.78004],[-122.48475,37.7801],[-122.48368,37.78015],[-122.4826,37.78019],[-122.48153,37.78023],[-122.48046,37.78028],[-122.4794,37.78034],[-122.47832,37.78039],[-122.47725,37.78044],[-122.47618,37.78048],[-122.4751,37.78053],[-122.474,37.78058],[-122.47286,37.78063],[-122.47232,37.78066],[-122.47179,37.78069],[-122.47073,37.78073],[-122.46964,37.78077],[-122.46858,37.78083],[-122.4675,37.78088],[-122.46644,37.78093],[-122.46537,37.78097],[-122.46429,37.78102],[-122.46322,37.78108],[-122.46215,37.78112],[-122.46107,37.78117],[-122.46001,37.78122],[-122.45887,37.78126],[-122.45775,37.78132],[-122.45664,37.78137],[-122.45645,37.78137],[-122.45631,37.78139],[-122.45554,37.78144],[-122.45529,37.78146],[-122.45419,37.7816],[-122.45318,37.78172],[-122.45216,37.78186],[-122.45113,37.78199],[-122.4501,37.78212],[-122.44813,37.78237],[-122.44752,37.78243],[-122.44572,37.78252],[-122.44281,37.78289],[-122.44115,37.78313],[-122.43949,37.78331],[-122.4393,37.78332],[-122.439,37.78337],[-122.43865,37.78344],[-122.43833,37.78356],[-122.43805,37.78367],[-122.43786,37.78372],[-122.43457,37.78416],[-122.43376,37.78427],[-122.43293,37.78436],[-122.43122,37.78457],[-122.42963,37.78476],[-122.428,37.78496],[-122.42645,37.78516],[-122.4247,37.78534],[-122.42455,37.78528],[-122.42418,37.7852],[-122.42389,37.78501],[-122.42375,37.78489],[-122.42362,37.78477],[-122.42334,37.78462],[-122.42305,37.78456],[-122.42285,37.78455],[-122.42121,37.78476],[-122.41956,37.78496],[-122.41791,37.78517],[-122.41627,37.78538],[-122.41569,37.78545],[-122.41503,37.78554],[-122.41463,37.78559],[-122.41298,37.78579],[-122.41216,37.7859],[-122.41134,37.786],[-122.4097,37.78621],[-122.40934,37.78625],[-122.40895,37.7863],[-122.40805,37.78641],[-122.40641,37.78662],[-122.40536,37.78675],[-122.40486,37.78681],[-122.4046,37.78674],[-122.40344,37.78765],[-122.40292,37.78809],[-122.40208,37.78873],[-122.40139,37.78927],[-122.40008,37.79031],[-122.39949,37.79075],[-122.39916,37.79102],[-122.39828,37.79172],[-122.3974,37.79241],[-122.39583,37.79116],[-122.39481,37.79033],[-122.39498,37.79013]]]},"properties":{"route":"38R","name":"38R Geary Rapid","mode":"rapid","color":"#E4572E"}},{"type":"Feature","geometry":{"type":"MultiLineString","coordinates":[[[-122.49315,37.77971],[-122.49248,37.78292],[-122.49038,37.78364],[-122.48716,37.78379],[-122.48395,37.78393],[-122.48074,37.78408],[-122.47752,37.78423],[-122.47426,37.78437],[-122.47206,37.78448],[-122.46885,37.78463],[-122.46564,37.78486],[-122.46245,37.78527],[-122.45919,37.78569],[-122.4567,37.78601],[-122.45479,37.78625],[-122.45177,37.78662],[-122.44848,37.78705],[-122.44377,37.78765],[-122.43879,37.78828],[-122.43559,37.78918],[-122.43361,37.7899],[-122.42911,37.79046],[-122.42599,37.79176],[-122.42106,37.79239],[-122.41777,37.79281],[-122.41284,37.79344],[-122.41038,37.79375],[-122.40955,37.79386],[-122.40792,37.79407],[-122.40632,37.79427],[-122.40315,37.79467],[-122.40139,37.79485],[-122.39916,37.79517],[-122.39709,37.79543]]]},"properties":{"route":"1","name":"1 California","mode":"local","color":"#8C97A3"}},{"type":"Feature","geometry":{"type":"MultiLineString","coordinates":[[[-122.4469,37.78762],[-122.44643,37.78538],[-122.4432,37.78483],[-122.43822,37.78546],[-122.43328,37.78609],[-122.42999,37.78651],[-122.42816,37.78579],[-122.42158,37.78662],[-122.417,37.78721],[-122.41337,37.78767],[-122.41236,37.7878],[-122.40841,37.7883],[-122.40436,37.78881],[-122.40201,37.78911],[-122.40139,37.78927],[-122.39916,37.79102],[-122.39652,37.7931],[-122.39407,37.79254],[-122.39444,37.79423]]]},"properties":{"route":"2","name":"2 Sutter","mode":"local","color":"#8C97A3"}},{"type":"Feature","geometry":{"type":"MultiLineString","coordinates":[[[-122.39524,37.79039],[-122.39916,37.79102],[-122.40139,37.78927],[-122.40344,37.78765],[-122.40808,37.784],[-122.41164,37.78119],[-122.41369,37.78093],[-122.41682,37.78054],[-122.42005,37.78008],[-122.4219,37.7799],[-122.43006,37.77886],[-122.43342,37.77843],[-122.43838,37.7778],[-122.44333,37.77717],[-122.44648,37.77581],[-122.44886,37.7755],[-122.45282,37.775],[-122.45526,37.77469],[-122.4595,37.77417],[-122.4627,37.77376],[-122.46534,37.77343],[-122.46804,37.77331],[-122.47125,37.77317],[-122.47344,37.77307],[-122.47671,37.77292],[-122.47992,37.77277],[-122.48313,37.77262],[-122.48635,37.77248],[-122.48955,37.77233],[-122.49277,37.77218],[-122.49599,37.77204],[-122.4992,37.77189],[-122.50241,37.77174],[-122.50562,37.7716],[-122.50884,37.77145],[-122.50976,37.77328],[-122.50996,37.77358]]]},"properties":{"route":"5","name":"5 Fulton","mode":"local","color":"#8C97A3"}},{"type":"Feature","geometry":{"type":"MultiLineString","coordinates":[[[-122.47061,37.74887],[-122.46739,37.74903],[-122.46661,37.75281],[-122.4658,37.75659],[-122.46619,37.76218],[-122.46299,37.76232],[-122.4598,37.76293],[-122.45605,37.764],[-122.45423,37.76432],[-122.45123,37.76469],[-122.44765,37.76514],[-122.44721,37.76711],[-122.44474,37.76743],[-122.44536,37.77022],[-122.44591,37.773],[-122.44277,37.77436],[-122.43781,37.775],[-122.43284,37.77563],[-122.42793,37.77626],[-122.42646,37.77739],[-122.42153,37.77802],[-122.41969,37.77831],[-122.41696,37.78048],[-122.41533,37.78072],[-122.41496,37.77889]]]},"properties":{"route":"6","name":"6 Haight/Parnassus","mode":"local","color":"#8C97A3"}},{"type":"Feature","geometry":{"type":"MultiLineString","coordinates":[[[-122.39554,37.79004],[-122.39949,37.79075],[-122.40208,37.78873],[-122.4046,37.78674],[-122.40896,37.78329],[-122.41199,37.78091],[-122.41594,37.7778],[-122.4187,37.77559],[-122.42071,37.77401],[-122.42195,37.77304],[-122.42377,37.77296],[-122.42882,37.77232],[-122.43375,37.77169],[-122.43872,37.77106],[-122.44332,37.77047],[-122.44695,37.77001],[-122.45023,37.76959],[-122.45355,37.76917],[-122.45301,37.76648],[-122.45663,37.76591],[-122.4575,37.76593],[-122.45858,37.76622],[-122.45914,37.76624],[-122.4611,37.76617],[-122.46431,37.76602],[-122.46753,37.76588],[-122.47074,37.76574],[-122.47406,37.7656],[-122.47732,37.76545],[-122.48048,37.76531],[-122.48129,37.76152],[-122.4809,37.75592],[-122.48291,37.75396],[-122.48613,37.75382],[-122.48934,37.75368],[-122.49256,37.75354],[-122.49524,37.75342],[-122.49792,37.7533],[-122.50113,37.75316],[-122.50435,37.75302],[-122.50756,37.75287],[-122.50761,37.751],[-122.50754,37.75094]]]},"properties":{"route":"7","name":"7 Haight/Noriega","mode":"local","color":"#8C97A3"}},{"type":"Feature","geometry":{"type":"MultiLineString","coordinates":[[[-122.40725,37.8072],[-122.40753,37.80734],[-122.41215,37.80676],[-122.41178,37.8049],[-122.41121,37.8021],[-122.41097,37.80084],[-122.40892,37.79904],[-122.40857,37.79733],[-122.40809,37.79494],[-122.40755,37.79225],[-122.40697,37.78944],[-122.4067,37.78804],[-122.40624,37.78576],[-122.40481,37.78491],[-122.40272,37.78326],[-122.40063,37.78159],[-122.40186,37.77904],[-122.40354,37.7777],[-122.40491,37.77663],[-122.40638,37.77546],[-122.40694,37.77381],[-122.4068,37.7726],[-122.40601,37.77082],[-122.40552,37.76921],[-122.40507,37.76432],[-122.4054,37.76297],[-122.4063,37.7614],[-122.4064,37.75981],[-122.40592,37.75894],[-122.40473,37.75796],[-122.40379,37.75714],[-122.40332,37.75617],[-122.40299,37.75276],[-122.40319,37.75129],[-122.40388,37.74918],[-122.40474,37.74651],[-122.40519,37.74499],[-122.40606,37.74366],[-122.40746,37.74186],[-122.40786,37.74103],[-122.40813,37.73982],[-122.40808,37.7381],[-122.40766,37.73667],[-122.40673,37.73497],[-122.40559,37.73309],[-122.40488,37.73147],[-122.40503,37.73132],[-122.40461,37.73004],[-122.40311,37.72644],[-122.40207,37.72393],[-122.40114,37.72167],[-122.40075,37.72041],[-122.40014,37.71791],[-122.39984,37.71666],[-122.39958,37.71521],[-122.40046,37.71474],[-122.4018,37.71446],[-122.40211,37.71351],[-122.40212,37.71272],[-122.40247,37.71218],[-122.40322,37.71179],[-122.40522,37.71069],[-122.40794,37.71145],[-122.41065,37.71221],[-122.41345,37.71299],[-122.41601,37.71192],[-122.41229,37.71087],[-122.41178,37.70967],[-122.41251,37.70802],[-122.41411,37.70664],[-122.4167,37.70734],[-122.41925,37.70807],[-122.42163,37.70875],[-122.42337,37.70926],[-122.42509,37.71049],[-122.427,37.71125],[-122.42938,37.71224],[-122.43287,37.71296],[-122.43537,37.71385],[-122.43782,37.71495],[-122.44027,37.71604],[-122.44126,37.71686],[-122.4429,37.71829],[-122.44514,37.72009],[-122.44776,37.72116],[-122.45013,37.72209],[-122.4516,37.72276],[-122.45234,37.72308],[-122.45315,37.72374],[-122.45265,37.72373]]]},"properties":{"route":"8","name":"8 Bayshore","mode":"local","color":"#8C97A3"}},{"type":"Feature","geometry":{"type":"MultiLineString","coordinates":[[[-122.39494,37.79439],[-122.3974,37.79241],[-122.39949,37.79075],[-122.40208,37.78873],[-122.4046,37.78674],[-122.40896,37.78329],[-122.41199,37.78091],[-122.41594,37.7778],[-122.4187,37.77559],[-122.41612,37.77354],[-122.41441,37.77216],[-122.41094,37.76942],[-122.40856,37.76921],[-122.40783,37.76836],[-122.40743,37.76449],[-122.40708,37.76067],[-122.40671,37.75684],[-122.40646,37.75428],[-122.4062,37.75137],[-122.40618,37.7509],[-122.40537,37.74947],[-122.4041,37.74842],[-122.40379,37.74762],[-122.40436,37.74607],[-122.40422,37.74549],[-122.4046,37.74413],[-122.40523,37.74325],[-122.40585,37.7424],[-122.40693,37.74077],[-122.40699,37.73957],[-122.40713,37.73906],[-122.40701,37.7381],[-122.40663,37.7359],[-122.40511,37.73372],[-122.4051,37.73124],[-122.40411,37.72884],[-122.40261,37.72524],[-122.40162,37.72284],[-122.40109,37.72154],[-122.40045,37.71917],[-122.40005,37.71754],[-122.39975,37.71619],[-122.39971,37.71502],[-122.40122,37.71453],[-122.4019,37.71436],[-122.40211,37.713],[-122.40227,37.71256],[-122.4028,37.7121],[-122.40366,37.71119],[-122.4062,37.71096],[-122.40688,37.70935],[-122.40512,37.70886],[-122.40469,37.70947]]]},"properties":{"route":"9","name":"9 San Bruno","mode":"local","color":"#8C97A3"}},{"type":"Feature","geometry":{"type":"MultiLineString","coordinates":[[[-122.42306,37.79394],[-122.41995,37.79524],[-122.41831,37.79547],[-122.41502,37.79588],[-122.41281,37.79616],[-122.41173,37.7963],[-122.41009,37.7965],[-122.4097,37.7975],[-122.40668,37.79787],[-122.40469,37.79812],[-122.40309,37.79833],[-122.40192,37.79688],[-122.4016,37.79531],[-122.40047,37.79496],[-122.39799,37.79532],[-122.3964,37.79367],[-122.39407,37.79254],[-122.39187,37.78937],[-122.39361,37.788],[-122.39528,37.78668],[-122.39411,37.78515],[-122.39628,37.78345],[-122.39963,37.7808],[-122.40297,37.77815],[-122.40462,37.77685],[-122.40631,37.77552],[-122.40742,37.77464],[-122.4097,37.77284],[-122.41129,37.77158],[-122.41454,37.77141],[-122.41559,37.7696],[-122.41548,37.76694],[-122.41517,37.7637],[-122.4147,37.7589],[-122.41425,37.7541],[-122.41378,37.74931],[-122.41493,37.74824],[-122.4192,37.74816],[-122.42014,37.74658]]]},"properties":{"route":"12","name":"12 Folsom/Pacific","mode":"local","color":"#8C97A3"}},{"type":"Feature","geometry":{"type":"MultiLineString","coordinates":[[[-122.39331,37.79333],[-122.39495,37.79185],[-122.39759,37.78977],[-122.39937,37.78836],[-122.40127,37.78686],[-122.40488,37.78401],[-122.40718,37.7822],[-122.41095,37.77922],[-122.41412,37.77671],[-122.4155,37.77561],[-122.41725,37.77427],[-122.41883,37.77298],[-122.42032,37.77168],[-122.42005,37.76905],[-122.41968,37.76506],[-122.41946,37.76272],[-122.41907,37.75864],[-122.41876,37.75544],[-122.4183,37.75064],[-122.41811,37.74848],[-122.41952,37.74619],[-122.42091,37.74404],[-122.42198,37.74238],[-122.42285,37.74103],[-122.4238,37.73956],[-122.42405,37.73741],[-122.42448,37.73607],[-122.42613,37.73396],[-122.43012,37.72993],[-122.43131,37.72873],[-122.43246,37.72764],[-122.43337,37.72659],[-122.43444,37.72518],[-122.43533,37.72401],[-122.43605,37.72305],[-122.43747,37.72117],[-122.43951,37.71847],[-122.44103,37.71646],[-122.44181,37.71543],[-122.44267,37.71457],[-122.44396,37.71337],[-122.44554,37.71189],[-122.44769,37.71075],[-122.44932,37.70995],[-122.4509,37.70942],[-122.45505,37.70799],[-122.45675,37.70743],[-122.45907,37.70674],[-122.46119,37.70623],[-122.46003,37.70644]]]},"properties":{"route":"14","name":"14 Mission","mode":"local","color":"#8C97A3"}},{"type":"Feature","geometry":{"type":"MultiLineString","coordinates":[[[-122.40057,37.79025],[-122.40288,37.78996],[-122.40541,37.78964],[-122.40678,37.7885],[-122.40641,37.78662],[-122.40525,37.78527],[-122.40372,37.78405],[-122.40117,37.78203],[-122.39963,37.7808],[-122.39807,37.77957],[-122.39654,37.77833],[-122.39405,37.77634],[-122.39192,37.77468],[-122.39183,37.7746],[-122.39175,37.7745],[-122.39168,37.7744],[-122.39145,37.77447],[-122.38986,37.77456],[-122.38952,37.77112],[-122.38931,37.76883],[-122.38886,37.76433],[-122.38857,37.7605],[-122.38789,37.75412],[-122.3876,37.75027],[-122.38714,37.74507],[-122.38764,37.74353],[-122.38849,37.74111],[-122.38641,37.73899],[-122.38406,37.73752],[-122.38365,37.73661],[-122.38325,37.73521],[-122.38293,37.73452],[-122.38204,37.73338],[-122.38099,37.73265],[-122.3802,37.73243],[-122.37961,37.73247],[-122.37936,37.73184],[-122.37895,37.73166],[-122.37829,37.73139],[-122.37761,37.73103],[-122.37626,37.73099],[-122.37462,37.73035],[-122.37072,37.72819],[-122.37197,37.72775],[-122.37225,37.72779],[-122.37244,37.72823],[-122.37282,37.72855],[-122.37494,37.72966],[-122.37666,37.73012],[-122.37751,37.73002],[-122.37864,37.73042],[-122.37956,37.73111],[-122.37991,37.73072],[-122.38065,37.73051],[-122.38179,37.73062],[-122.38264,37.73052],[-122.38344,37.72974],[-122.38905,37.73292],[-122.39043,37.7356],[-122.3896,37.73796],[-122.38904,37.73954],[-122.38885,37.73943]]]},"properties":{"route":"15","name":"15 Bayview Hunters Point Express","mode":"local","color":"#8C97A3"}},{"type":"Feature","geometry":{"type":"MultiLineString","coordinates":[[[-122.49962,37.78503],[-122.4997,37.78497],[-122.49922,37.78432],[-122.49809,37.78347],[-122.49705,37.78306],[-122.49564,37.78266],[-122.49468,37.78204],[-122.49346,37.78163],[-122.49318,37.77778],[-122.49519,37.77582],[-122.4984,37.77567],[-122.50161,37.77553],[-122.50483,37.77538],[-122.50683,37.77341],[-122.51005,37.77326],[-122.51094,37.77044],[-122.51031,37.76657],[-122.51041,37.76463],[-122.50961,37.76405],[-122.50728,37.76412],[-122.50594,37.76043],[-122.50555,37.75484],[-122.50516,37.74924],[-122.50477,37.74365],[-122.50437,37.73806],[-122.50531,37.73614],[-122.50312,37.73547],[-122.50163,37.73532],[-122.5009,37.73516],[-122.49944,37.73448],[-122.49889,37.73418],[-122.4977,37.73387],[-122.49665,37.73378],[-122.49812,37.73227],[-122.49816,37.73138],[-122.49788,37.73074],[-122.49703,37.72931],[-122.49605,37.72902],[-122.49325,37.7294],[-122.4919,37.72885],[-122.49056,37.72966],[-122.48957,37.73035],[-122.48656,37.72959],[-122.48551,37.72919],[-122.48388,37.72702],[-122.48027,37.72834],[-122.47871,37.72821],[-122.47859,37.72754],[-122.47826,37.72712],[-122.47605,37.72695],[-122.47497,37.72587],[-122.47503,37.72581]]]},"properties":{"route":"18","name":"18 46th Avenue","mode":"local","color":"#8C97A3"}},{"type":"Feature","geometry":{"type":"MultiLineString","coordinates":[[[-122.36689,37.72879],[-122.37577,37.732],[-122.37837,37.73347],[-122.37943,37.73448],[-122.37942,37.73676],[-122.37912,37.73768],[-122.38657,37.74195],[-122.39034,37.74405],[-122.39406,37.74617],[-122.39666,37.74836],[-122.39642,37.75118],[-122.3965,37.75263],[-122.39739,37.75383],[-122.39799,37.75399],[-122.39861,37.75369],[-122.39844,37.7519],[-122.39943,37.751],[-122.40049,37.75068],[-122.40233,37.75196],[-122.4016,37.75458],[-122.40097,37.75814],[-122.40121,37.76102],[-122.40149,37.76357],[-122.4027,37.76608],[-122.40305,37.76983],[-122.40389,37.77007],[-122.40476,37.77429],[-122.40631,37.77552],[-122.4094,37.77798],[-122.41095,37.77922],[-122.41475,37.77872],[-122.41659,37.77866],[-122.41716,37.78145],[-122.41763,37.78378],[-122.41791,37.78517],[-122.41975,37.7859],[-122.42003,37.78728],[-122.42032,37.7887],[-122.4207,37.79058],[-122.42124,37.79326],[-122.42178,37.79595],[-122.42216,37.79783],[-122.42273,37.80063],[-122.42329,37.80342],[-122.42202,37.8055],[-122.42311,37.80633],[-122.42313,37.80636]]]},"properties":{"route":"19","name":"19 Polk","mode":"local","color":"#8C97A3"}},{"type":"Feature","geometry":{"type":"MultiLineString","coordinates":[[[-122.43663,37.80259],[-122.43706,37.80436],[-122.43747,37.80641],[-122.43728,37.80548],[-122.43671,37.80263],[-122.43606,37.79985],[-122.43578,37.79849],[-122.43715,37.79688],[-122.43658,37.79406],[-122.43457,37.79248],[-122.43404,37.78984],[-122.43357,37.78749],[-122.4331,37.78516],[-122.43253,37.78235],[-122.43196,37.77957],[-122.4314,37.77676],[-122.43084,37.77398],[-122.43037,37.77164],[-122.43009,37.77025],[-122.42914,37.76946],[-122.42896,37.76751],[-122.42757,37.76458],[-122.42412,37.76479],[-122.4219,37.76492],[-122.42091,37.76498],[-122.41968,37.76506],[-122.4175,37.76519],[-122.41312,37.76545],[-122.4105,37.76561],[-122.40657,37.76585],[-122.40366,37.76602],[-122.40077,37.7662],[-122.39884,37.76631],[-122.39691,37.76644],[-122.39081,37.76681],[-122.38931,37.76883],[-122.38952,37.77112],[-122.39075,37.77105]]]},"properties":{"route":"22","name":"22 Fillmore","mode":"local","color":"#8C97A3"}},{"type":"Feature","geometry":{"type":"MultiLineString","coordinates":[[[-122.50572,37.73548],[-122.50531,37.73614],[-122.50312,37.73547],[-122.50163,37.73532],[-122.5009,37.73516],[-122.49944,37.73448],[-122.49889,37.73418],[-122.4977,37.73387],[-122.49665,37.73378],[-122.49439,37.73379],[-122.49153,37.73392],[-122.48897,37.73412],[-122.48642,37.73423],[-122.48498,37.7343],[-122.48379,37.73435],[-122.48236,37.73441],[-122.48116,37.73447],[-122.478,37.7346],[-122.47512,37.73463],[-122.47263,37.73468],[-122.47116,37.73465],[-122.46882,37.73483],[-122.46626,37.73494],[-122.46599,37.73356],[-122.46443,37.73229],[-122.46343,37.73089],[-122.46207,37.73009],[-122.4609,37.73016],[-122.46008,37.73062],[-122.45926,37.73078],[-122.45824,37.73078],[-122.45578,37.73135],[-122.45342,37.73154],[-122.4473,37.73155],[-122.44203,37.73158],[-122.43709,37.73154],[-122.43547,37.7321],[-122.43416,37.73356],[-122.43246,37.7332],[-122.43172,37.73302],[-122.43029,37.73332],[-122.42771,37.73356],[-122.4258,37.73428],[-122.42261,37.73518],[-122.41962,37.73503],[-122.41749,37.73493],[-122.41557,37.73483],[-122.4137,37.73474],[-122.41184,37.73464],[-122.41061,37.73477],[-122.40941,37.73555],[-122.40845,37.73582],[-122.40764,37.73596],[-122.40714,37.73632],[-122.40702,37.7371],[-122.40726,37.73775],[-122.40692,37.73797],[-122.40696,37.7387],[-122.40694,37.73924],[-122.40699,37.73957],[-122.40671,37.74081],[-122.40559,37.74246],[-122.40484,37.74282],[-122.4032,37.74189],[-122.40007,37.7399],[-122.39839,37.73822],[-122.39468,37.73611],[-122.38905,37.73292],[-122.38344,37.72974],[-122.38141,37.72949],[-122.38,37.72779],[-122.3853,37.7308],[-122.39081,37.73392],[-122.39083,37.73398]]]},"properties":{"route":"23","name":"23 Monterey","mode":"local","color":"#8C97A3"}},{"type":"Feature","geometry":{"type":"MultiLineString","coordinates":[[[-122.39093,37.73412],[-122.39223,37.73567],[-122.3957,37.73669],[-122.40026,37.73928],[-122.40317,37.73904],[-122.40566,37.73833],[-122.40693,37.73846],[-122.40695,37.73909],[-122.40692,37.73943],[-122.40828,37.73965],[-122.40965,37.73973],[-122.41075,37.7398],[-122.412,37.73971],[-122.41332,37.73899],[-122.41457,37.73889],[-122.41591,37.73901],[-122.41779,37.73919],[-122.41918,37.73954],[-122.42029,37.73999],[-122.42285,37.74103],[-122.42198,37.74238],[-122.42583,37.74215],[-122.42789,37.74202],[-122.42996,37.74189],[-122.43103,37.74263],[-122.43127,37.74504],[-122.43149,37.74744],[-122.43378,37.7481],[-122.43402,37.7505],[-122.43425,37.7529],[-122.43448,37.75529],[-122.43471,37.75769],[-122.43515,37.76242],[-122.43527,37.76347],[-122.43548,37.76573],[-122.43581,37.76906],[-122.43622,37.76976],[-122.43655,37.77013],[-122.43686,37.77035],[-122.43743,37.77314],[-122.438,37.77593],[-122.43856,37.77873],[-122.43913,37.78153],[-122.43961,37.78385],[-122.44007,37.78618],[-122.44064,37.789],[-122.44117,37.79163],[-122.43622,37.79227],[-122.43275,37.7918],[-122.43299,37.7927]]]},"properties":{"route":"24","name":"24 Divisadero","mode":"local","color":"#8C97A3"}},{"type":"Feature","geometry":{"type":"MultiLineString","coordinates":[[[-122.37093,37.81618],[-122.37091,37.81902],[-122.36999,37.82527],[-122.37204,37.82836],[-122.37284,37.82927],[-122.37347,37.82979],[-122.37385,37.82993],[-122.37434,37.83],[-122.3751,37.82989],[-122.37602,37.82945],[-122.37665,37.82909],[-122.37699,37.82865],[-122.37752,37.82726],[-122.37717,37.82692],[-122.3762,37.82545],[-122.37513,37.82379],[-122.37414,37.8235],[-122.3704,37.81819],[-122.37246,37.81732],[-122.37121,37.81529],[-122.37099,37.81464],[-122.37094,37.81403],[-122.37103,37.81357],[-122.37087,37.81319],[-122.3704,37.81287],[-122.37002,37.81205],[-122.36874,37.81166],[-122.36795,37.81134],[-122.36757,37.81118],[-122.3666,37.81112],[-122.36608,37.81122],[-122.36584,37.81151],[-122.36554,37.81182],[-122.36499,37.81198],[-122.36389,37.81175],[-122.36462,37.81097],[-122.36468,37.81073],[-122.36496,37.81034],[-122.36588,37.80938],[-122.36739,37.80794],[-122.38911,37.78764],[-122.39181,37.7854],[-122.39296,37.785],[-122.39458,37.7853],[-122.39584,37.78634],[-122.39786,37.78794],[-122.3982,37.78842],[-122.39616,37.78998],[-122.39593,37.79015]]]},"properties":{"route":"25","name":"25 Treasure Island","mode":"local","color":"#8C97A3"}},{"type":"Feature","geometry":{"type":"MultiLineString","coordinates":[[[-122.42324,37.79482],[-122.41795,37.79369],[-122.4176,37.79193],[-122.41703,37.78912],[-122.41355,37.7886],[-122.41331,37.78739],[-122.41289,37.78536],[-122.41261,37.78394],[-122.41204,37.78114],[-122.41533,37.78072],[-122.41475,37.77872],[-122.41263,37.77703],[-122.41108,37.7758],[-122.40953,37.77456],[-122.4097,37.77284],[-122.41129,37.77158],[-122.41454,37.77141],[-122.41559,37.7696],[-122.41548,37.76694],[-122.41243,37.76549],[-122.41038,37.76432],[-122.41001,37.76049],[-122.40975,37.75911],[-122.4096,37.7576],[-122.40936,37.75497],[-122.40928,37.75423],[-122.40884,37.74961],[-122.41056,37.74832],[-122.41368,37.74826],[-122.41597,37.74918],[-122.41684,37.75234],[-122.41846,37.75224],[-122.41858,37.75229]]]},"properties":{"route":"27","name":"27 Bryant","mode":"local","color":"#8C97A3"}},{"type":"Feature","geometry":{"type":"MultiLineString","coordinates":[[[-122.46865,37.70589],[-122.468,37.70551],[-122.46779,37.70687],[-122.46927,37.70567],[-122.47013,37.70508],[-122.47101,37.70822],[-122.47106,37.71193],[-122.47122,37.713],[-122.4716,37.71448],[-122.47232,37.71651],[-122.47475,37.71953],[-122.47523,37.72106],[-122.47498,37.72569],[-122.47479,37.72963],[-122.47487,37.73107],[-122.4753,37.73746],[-122.47566,37.74306],[-122.47605,37.74865],[-122.47644,37.75425],[-122.47683,37.75984],[-122.47732,37.76545],[-122.47744,37.76634],[-122.47786,37.76704],[-122.47818,37.76763],[-122.47835,37.76863],[-122.47854,37.76949],[-122.47917,37.77065],[-122.47943,37.77167],[-122.47878,37.77225],[-122.47725,37.77237],[-122.47576,37.77248],[-122.47469,37.77255],[-122.47346,37.77242],[-122.47195,37.77256],[-122.47177,37.7729],[-122.47205,37.77687],[-122.47246,37.78258],[-122.47264,37.78632],[-122.4724,37.78714],[-122.47206,37.78793],[-122.47142,37.78883],[-122.47031,37.79035],[-122.46973,37.79142],[-122.46953,37.79253],[-122.46947,37.79719],[-122.46944,37.79924],[-122.46941,37.80082],[-122.46966,37.80362],[-122.47038,37.80415],[-122.47194,37.80447],[-122.4731,37.80503],[-122.47458,37.80655],[-122.47415,37.80706],[-122.47449,37.80762],[-122.47481,37.80761],[-122.47603,37.8069],[-122.47499,37.8064],[-122.47265,37.80443],[-122.47028,37.80321],[-122.4671,37.80239],[-122.46211,37.80148],[-122.46023,37.80167],[-122.45768,37.8029],[-122.45544,37.8035],[-122.45186,37.80396],[-122.45058,37.8036],[-122.45028,37.80322],[-122.44992,37.80247],[-122.44799,37.8009],[-122.44621,37.79972],[-122.44433,37.79879],[-122.43935,37.79943],[-122.43442,37.80006],[-122.42948,37.80068],[-122.42455,37.80131],[-122.42512,37.80415],[-122.42202,37.8055],[-122.41839,37.80598],[-122.4138,37.80656],[-122.4107,37.8079],[-122.41234,37.8077]]]},"properties":{"route":"28","name":"28 19th Avenue","mode":"local","color":"#8C97A3"}},{"type":"Feature","geometry":{"type":"MultiLineString","coordinates":[[[-122.3948,37.7229],[-122.39003,37.7193],[-122.38792,37.71633],[-122.38929,37.71697],[-122.39058,37.71869],[-122.39375,37.72141],[-122.39583,37.72244],[-122.39836,37.72304],[-122.4008,37.72362],[-122.40143,37.72237],[-122.40207,37.72128],[-122.40502,37.72051],[-122.40799,37.71974],[-122.41096,37.71896],[-122.41447,37.71805],[-122.41853,37.71877],[-122.41974,37.71896],[-122.42091,37.71876],[-122.42249,37.71789],[-122.42404,37.71704],[-122.42467,37.71714],[-122.42542,37.71789],[-122.4264,37.71856],[-122.42882,37.71972],[-122.43122,37.72086],[-122.43362,37.72201],[-122.43599,37.72313],[-122.43745,37.72372],[-122.43986,37.72348],[-122.44329,37.72309],[-122.44728,37.72296],[-122.45161,37.723],[-122.45312,37.72325],[-122.45616,37.72389],[-122.45717,37.72004],[-122.46023,37.72003],[-122.46268,37.72001],[-122.46399,37.71976],[-122.46627,37.71968],[-122.46896,37.71966],[-122.47167,37.71964],[-122.47265,37.72157],[-122.47503,37.72115],[-122.47502,37.72493],[-122.47519,37.72693],[-122.47808,37.72706],[-122.47855,37.72742],[-122.47861,37.7281],[-122.47981,37.72856],[-122.48194,37.72712],[-122.48535,37.72904],[-122.4858,37.72936],[-122.4892,37.73038],[-122.49022,37.73004],[-122.49149,37.72892],[-122.49262,37.72906],[-122.49359,37.72984],[-122.49368,37.73239],[-122.49399,37.73657],[-122.49433,37.74036],[-122.49472,37.74596],[-122.49511,37.75155],[-122.4955,37.75715],[-122.49589,37.76274],[-122.49549,37.76464],[-122.49227,37.76478],[-122.48905,37.76493],[-122.48584,37.76507],[-122.48263,37.76521],[-122.47941,37.76536],[-122.47737,37.76607],[-122.47747,37.76644],[-122.47796,37.76719],[-122.47826,37.76791],[-122.47838,37.76891],[-122.47865,37.76972],[-122.47939,37.77104],[-122.47982,37.77148],[-122.48029,37.7717],[-122.48064,37.77179],[-122.4818,37.77189],[-122.48259,37.77195],[-122.48384,37.772],[-122.48417,37.77234],[-122.48434,37.77444],[-122.48475,37.7801],[-122.48516,37.78575],[-122.48366,37.78778],[-122.48256,37.78844],[-122.48198,37.78941],[-122.4811,37.79201],[-122.48149,37.79205]]]},"properties":{"route":"29","name":"29 Sunset","mode":"local","color":"#8C97A3"}},{"type":"Feature","geometry":{"type":"MultiLineString","coordinates":[[[-122.46147,37.80282],[-122.46069,37.80296],[-122.45993,37.80346],[-122.4577,37.80379],[-122.45298,37.80439],[-122.45016,37.80474],[-122.44833,37.805],[-122.4473,37.80517],[-122.4438,37.80464],[-122.44324,37.80184],[-122.44119,37.8002],[-122.4379,37.80061],[-122.43461,37.80103],[-122.42968,37.80166],[-122.42474,37.80229],[-122.42531,37.80508],[-122.42038,37.80573],[-122.41724,37.80517],[-122.41546,37.80394],[-122.41292,37.80219],[-122.41097,37.80084],[-122.40892,37.79904],[-122.40857,37.79733],[-122.40809,37.79494],[-122.40755,37.79225],[-122.40709,37.79001],[-122.40678,37.7885],[-122.40641,37.78662],[-122.40525,37.78527],[-122.40372,37.78405],[-122.40117,37.78203],[-122.39963,37.7808],[-122.39807,37.77957],[-122.39654,37.77833],[-122.39467,37.77728]]]},"properties":{"route":"30","name":"30 Stockton","mode":"local","color":"#8C97A3"}},{"type":"Feature","geometry":{"type":"MultiLineString","coordinates":[[[-122.40808,37.784],[-122.41078,37.78322],[-122.41571,37.78259],[-122.41754,37.78332],[-122.42248,37.78269],[-122.42741,37.78206],[-122.43234,37.78143],[-122.43727,37.78081],[-122.44041,37.77944],[-122.44207,37.77925],[-122.44605,37.77875],[-122.44889,37.77839],[-122.45156,37.77806],[-122.45434,37.77772],[-122.45688,37.77741],[-122.45867,37.77735],[-122.46081,37.77739],[-122.46402,37.77724],[-122.46723,37.77709],[-122.47045,37.77695],[-122.47258,37.77685],[-122.4759,37.7767],[-122.47912,37.77655],[-122.48233,37.7764],[-122.48555,37.77626],[-122.48875,37.77611],[-122.49197,37.77596],[-122.49519,37.77582],[-122.4984,37.77567],[-122.50161,37.77553],[-122.50483,37.77538],[-122.50683,37.77341],[-122.50959,37.77329],[-122.50982,37.77355]]]},"properties":{"route":"31","name":"31 Balboa","mode":"local","color":"#8C97A3"}},{"type":"Feature","geometry":{"type":"MultiLineString","coordinates":[[[-122.45638,37.787],[-122.45588,37.78611],[-122.45807,37.78583],[-122.45906,37.78383],[-122.45874,37.77934],[-122.45852,37.7762],[-122.45838,37.77431],[-122.4547,37.77476],[-122.4541,37.77193],[-122.45391,37.77106],[-122.45188,37.76938],[-122.44966,37.76967],[-122.44676,37.76908],[-122.44592,37.76496],[-122.44611,37.76415],[-122.44676,37.76335],[-122.4468,37.76179],[-122.44645,37.76101],[-122.44641,37.76002],[-122.44641,37.75886],[-122.44588,37.75874],[-122.44426,37.75827],[-122.44411,37.75836],[-122.44481,37.75883],[-122.44493,37.75924],[-122.44485,37.75959],[-122.44449,37.75971],[-122.44158,37.76049],[-122.43935,37.76063],[-122.43613,37.76083],[-122.43281,37.76103],[-122.42609,37.76143],[-122.42297,37.76162],[-122.42159,37.76171],[-122.41937,37.76184],[-122.41952,37.76343],[-122.41859,37.76512],[-122.41532,37.76532],[-122.41147,37.76555],[-122.40755,37.76579],[-122.4072,37.76194],[-122.40681,37.75777],[-122.40649,37.75457],[-122.40623,37.75173],[-122.40668,37.75135]]]},"properties":{"route":"33","name":"33 Ashbury/18th St","mode":"local","color":"#8C97A3"}},{"type":"Feature","geometry":{"type":"MultiLineString","coordinates":[[[-122.43416,37.73356],[-122.43285,37.73403],[-122.43377,37.7345],[-122.43187,37.73461],[-122.42899,37.73639],[-122.42874,37.73821],[-122.43012,37.73782],[-122.43143,37.73749],[-122.43216,37.73756],[-122.43312,37.73837],[-122.43368,37.73989],[-122.43434,37.74012],[-122.43555,37.74006],[-122.43564,37.74137],[-122.4355,37.74158],[-122.4354,37.74193],[-122.43555,37.7427],[-122.43569,37.74477],[-122.43593,37.74718],[-122.43615,37.74957],[-122.43631,37.75116],[-122.44063,37.75091],[-122.44087,37.75331],[-122.44091,37.7545],[-122.44036,37.75523],[-122.43899,37.75539],[-122.43782,37.7559],[-122.43828,37.7607],[-122.43625,37.76214]]]},"properties":{"route":"35","name":"35 Eureka","mode":"local","color":"#8C97A3"}},{"type":"Feature","geometry":{"type":"MultiLineString","coordinates":[[[-122.42008,37.74587],[-122.4192,37.74816],[-122.41952,37.74619],[-122.42091,37.74404],[-122.42198,37.74238],[-122.42583,37.74215],[-122.42583,37.73896],[-122.42644,37.73805],[-122.42772,37.73722],[-122.43155,37.73472],[-122.43266,37.73454],[-122.43396,37.73426],[-122.43445,37.73254],[-122.43669,37.73154],[-122.43747,37.73159],[-122.4443,37.73157],[-122.44888,37.73155],[-122.44889,37.73381],[-122.44733,37.73429],[-122.44655,37.734],[-122.44603,37.73382],[-122.4454,37.73425],[-122.44585,37.73487],[-122.4463,37.73523],[-122.44639,37.73577],[-122.44596,37.73622],[-122.44574,37.73674],[-122.4466,37.73759],[-122.44614,37.73892],[-122.44639,37.73933],[-122.44786,37.73985],[-122.44899,37.74055],[-122.45069,37.74009],[-122.45044,37.73934],[-122.45079,37.73822],[-122.45162,37.73776],[-122.45215,37.73774],[-122.45335,37.73675],[-122.45381,37.73668],[-122.45335,37.73675],[-122.45215,37.73774],[-122.45162,37.73776],[-122.45079,37.73822],[-122.45044,37.73934],[-122.45069,37.74009],[-122.44943,37.74109],[-122.45044,37.74174],[-122.45071,37.74247],[-122.45162,37.74361],[-122.45137,37.74417],[-122.45235,37.74522],[-122.45183,37.74568],[-122.45366,37.7457],[-122.45548,37.74633],[-122.45795,37.74682],[-122.4588,37.74682],[-122.45913,37.74731],[-122.45886,37.74752],[-122.45877,37.74808],[-122.45921,37.74851],[-122.4605,37.74972],[-122.46137,37.75126],[-122.46068,37.75182],[-122.45646,37.75149],[-122.45603,37.75236],[-122.45593,37.75315],[-122.45364,37.75338],[-122.45258,37.75355],[-122.45112,37.75394],[-122.45072,37.75362],[-122.44973,37.75334],[-122.45003,37.75151],[-122.45003,37.75114],[-122.45029,37.74982],[-122.45039,37.74884],[-122.45213,37.74867],[-122.45294,37.75122],[-122.4544,37.75128],[-122.45618,37.75141],[-122.45602,37.7521],[-122.45604,37.75289],[-122.45555,37.75378],[-122.45519,37.75434],[-122.45557,37.75528],[-122.45636,37.75513],[-122.45714,37.75386],[-122.45763,37.75365],[-122.45946,37.75355],[-122.46058,37.75395],[-122.4614,37.75468],[-122.46152,37.75511],[-122.46135,37.75577],[-122.4619,37.75741],[-122.46308,37.75866],[-122.46367,37.75677],[-122.46364,37.75479],[-122.46385,37.75415],[-122.46365,37.75332],[-122.46279,37.75245],[-122.46186,37.75163],[-122.46137,37.75126],[-122.4605,37.74972],[-122.45921,37.74851],[-122.45891,37.74818]]]},"properties":{"route":"36","name":"36 Teresita","mode":"local","color":"#8C97A3"}},{"type":"Feature","geometry":{"type":"MultiLineString","coordinates":[[[-122.4454,37.77004],[-122.44676,37.76908],[-122.44966,37.76967],[-122.45053,37.7686],[-122.44997,37.76581],[-122.44945,37.7632],[-122.44897,37.76086],[-122.44642,37.7611],[-122.4464,37.76182],[-122.44494,37.76234],[-122.44458,37.76255],[-122.44379,37.76334],[-122.44313,37.7635],[-122.443,37.76365],[-122.44321,37.76447],[-122.44281,37.76509],[-122.44194,37.7653],[-122.43944,37.7666],[-122.43837,37.76675],[-122.43789,37.76662],[-122.43735,37.76677],[-122.43731,37.76723],[-122.43564,37.76733],[-122.4312,37.7676],[-122.42896,37.76751],[-122.43309,37.7642],[-122.43496,37.76285],[-122.43582,37.7625],[-122.43645,37.76241],[-122.4395,37.76223],[-122.44072,37.76179],[-122.44196,37.76168],[-122.44289,37.76173],[-122.44402,37.76129],[-122.4443,37.76099],[-122.44436,37.76052],[-122.44588,37.75949],[-122.4457,37.75828],[-122.44556,37.75777],[-122.44484,37.75785],[-122.44418,37.75741],[-122.4436,37.75709],[-122.4432,37.75604],[-122.44279,37.75541],[-122.44236,37.75508],[-122.44251,37.75447],[-122.44328,37.7535],[-122.44379,37.75265],[-122.44351,37.75214],[-122.44356,37.7518],[-122.44403,37.75084],[-122.44369,37.75013],[-122.4436,37.74927],[-122.44416,37.74809],[-122.44421,37.7473],[-122.44486,37.74695],[-122.44508,37.74866],[-122.44487,37.74912],[-122.44529,37.74934],[-122.44667,37.75048],[-122.44631,37.75132],[-122.4463,37.75178],[-122.4466,37.75255],[-122.446,37.75236],[-122.44562,37.75151],[-122.44591,37.75077],[-122.44581,37.75045]]]},"properties":{"route":"37","name":"37 Corbett","mode":"local","color":"#8C97A3"}},{"type":"Feature","geometry":{"type":"MultiLineString","coordinates":[[[-122.50942,37.779],[-122.5051,37.77916],[-122.50188,37.77931],[-122.49868,37.77946],[-122.49545,37.7796],[-122.49224,37.77975],[-122.48903,37.7799],[-122.48582,37.78004],[-122.4826,37.78019],[-122.4794,37.78034],[-122.47618,37.78048],[-122.47286,37.78063],[-122.47073,37.78073],[-122.4675,37.78088],[-122.46429,37.78102],[-122.46107,37.78117],[-122.45775,37.78132],[-122.45631,37.78139],[-122.45419,37.7816],[-122.45113,37.78199],[-122.44752,37.78243],[-122.44115,37.78313],[-122.439,37.78337],[-122.43805,37.78367],[-122.43376,37.78427],[-122.42963,37.78476],[-122.4247,37.78534],[-122.42389,37.78501],[-122.42334,37.78462],[-122.42121,37.78476],[-122.41627,37.78538],[-122.41463,37.78559],[-122.41134,37.786],[-122.40895,37.7863],[-122.40536,37.78675],[-122.40344,37.78765],[-122.40139,37.78927],[-122.39916,37.79102],[-122.39583,37.79116],[-122.39507,37.79]]]},"properties":{"route":"38","name":"38 Geary","mode":"local","color":"#8C97A3"}},{"type":"Feature","geometry":{"type":"MultiLineString","coordinates":[[[-122.41058,37.8069],[-122.40906,37.80812],[-122.41254,37.80863],[-122.41196,37.80583],[-122.41159,37.80397],[-122.41103,37.80117],[-122.41085,37.80024],[-122.40921,37.80045],[-122.40957,37.80231],[-122.40782,37.80348],[-122.40646,37.80364],[-122.40627,37.80352],[-122.40637,37.80336],[-122.40657,37.80326],[-122.40672,37.80308],[-122.40668,37.80283],[-122.40633,37.80233],[-122.40604,37.8019],[-122.40572,37.80179],[-122.40543,37.80194],[-122.40539,37.8022],[-122.40575,37.80277],[-122.40595,37.80278],[-122.40576,37.80269]]]},"properties":{"route":"39","name":"39 Coit","mode":"local","color":"#8C97A3"}},{"type":"Feature","geometry":{"type":"MultiLineString","coordinates":[[[-122.4329,37.71292],[-122.43233,37.71223],[-122.43184,37.71122],[-122.43247,37.70973],[-122.4347,37.70957],[-122.43606,37.71075],[-122.43838,37.71114],[-122.4375,37.71238],[-122.437,37.71458],[-122.43945,37.71568],[-122.44103,37.71646],[-122.44234,37.71784],[-122.44371,37.71893],[-122.44662,37.72073],[-122.44931,37.72176],[-122.45152,37.72269],[-122.45204,37.72301],[-122.45234,37.72831],[-122.44886,37.72837],[-122.44887,37.73069],[-122.45342,37.73154],[-122.45578,37.73135],[-122.45762,37.73187],[-122.45796,37.73244],[-122.45863,37.73255],[-122.45908,37.73365],[-122.46035,37.73507],[-122.46096,37.7358],[-122.46155,37.73866],[-122.46116,37.73918],[-122.46026,37.73916],[-122.46016,37.73983],[-122.45914,37.74014],[-122.45819,37.74071],[-122.45635,37.74164],[-122.45583,37.74211],[-122.45528,37.74305],[-122.45654,37.74406],[-122.45719,37.74541],[-122.45793,37.74584],[-122.4588,37.74682],[-122.45913,37.74731],[-122.45886,37.74752],[-122.45877,37.74808],[-122.45964,37.74895],[-122.46066,37.74991],[-122.46154,37.75151],[-122.46219,37.75187],[-122.46318,37.75275],[-122.46379,37.75361],[-122.46373,37.75461],[-122.46359,37.75502],[-122.46379,37.75854],[-122.46593,37.75845],[-122.46513,37.76223],[-122.46191,37.76237],[-122.45784,37.76349],[-122.45579,37.76407],[-122.45353,37.7644],[-122.44978,37.76487],[-122.45035,37.76767],[-122.45023,37.76959],[-122.44695,37.77001],[-122.44573,37.77208],[-122.4463,37.77488],[-122.44686,37.77767],[-122.44753,37.78107],[-122.44755,37.78175],[-122.44725,37.78223],[-122.44605,37.78351],[-122.44662,37.78631],[-122.44716,37.78908],[-122.44769,37.79171],[-122.44804,37.79313],[-122.44854,37.79429],[-122.44872,37.79483],[-122.44931,37.79501],[-122.45011,37.79501],[-122.45076,37.7953],[-122.45146,37.7959],[-122.45164,37.79672],[-122.45126,37.79711],[-122.45124,37.79756],[-122.45164,37.79826],[-122.45212,37.79881],[-122.45274,37.79935],[-122.45289,37.79998],[-122.45339,37.80039],[-122.45454,37.80086],[-122.45458,37.80216],[-122.45553,37.80245],[-122.45557,37.8013],[-122.45484,37.80099],[-122.45393,37.80061],[-122.45303,37.80016],[-122.45279,37.79952],[-122.45243,37.79929],[-122.45199,37.79936],[-122.45158,37.79915],[-122.451,37.79845],[-122.44956,37.79791],[-122.44901,37.79761],[-122.44837,37.79783],[-122.44791,37.79835],[-122.44732,37.79846],[-122.44473,37.79881],[-122.44266,37.79901],[-122.43771,37.79964],[-122.43277,37.80027],[-122.43132,37.80145],[-122.43334,37.80306],[-122.43368,37.80502],[-122.43235,37.80515]]]},"properties":{"route":"43","name":"43 Masonic","mode":"local","color":"#8C97A3"}},{"type":"Feature","geometry":{"type":"MultiLineString","coordinates":[[[-122.46458,37.785],[-122.46243,37.78491],[-122.46458,37.785],[-122.46429,37.78102],[-122.46389,37.77537],[-122.4659,37.7734],[-122.46657,37.77258],[-122.46665,37.77217],[-122.46931,37.77018],[-122.46965,37.76961],[-122.46874,37.76895],[-122.46702,37.76802],[-122.46666,37.76769],[-122.46646,37.76672],[-122.46632,37.76404],[-122.46593,37.75845],[-122.46379,37.75854],[-122.46359,37.75502],[-122.46373,37.75461],[-122.46379,37.75361],[-122.46318,37.75275],[-122.46219,37.75187],[-122.46154,37.75151],[-122.46066,37.74991],[-122.45964,37.74895],[-122.45877,37.74808],[-122.45886,37.74752],[-122.45913,37.74731],[-122.4588,37.74682],[-122.45795,37.74682],[-122.45548,37.74633],[-122.45366,37.7457],[-122.45183,37.74568],[-122.4506,37.74422],[-122.4498,37.74326],[-122.44915,37.74283],[-122.4474,37.74261],[-122.44667,37.74245],[-122.44634,37.74219],[-122.44617,37.74154],[-122.44598,37.7412],[-122.44521,37.74092],[-122.44453,37.7407],[-122.44411,37.74024],[-122.44343,37.73991],[-122.44273,37.73969],[-122.44252,37.73924],[-122.44259,37.73818],[-122.44243,37.73744],[-122.44361,37.73651],[-122.44386,37.73625],[-122.44384,37.73591],[-122.4436,37.7357],[-122.44316,37.73568],[-122.44194,37.73597],[-122.44116,37.73571],[-122.44004,37.73491],[-122.43926,37.73464],[-122.43841,37.73436],[-122.43585,37.73388],[-122.43299,37.73331],[-122.43222,37.73292],[-122.4317,37.73166],[-122.43239,37.73022],[-122.43234,37.72927],[-122.4304,37.72855],[-122.42759,37.72857],[-122.4253,37.72868],[-122.42268,37.72883],[-122.4195,37.72905],[-122.41839,37.72904],[-122.41665,37.72881],[-122.41457,37.72942],[-122.4133,37.72989],[-122.41141,37.73061],[-122.40949,37.73126],[-122.40755,37.73185],[-122.40562,37.73244],[-122.40352,37.73367],[-122.40221,37.73449],[-122.40096,37.73527],[-122.39768,37.73687],[-122.39653,37.73716],[-122.39279,37.73504],[-122.38718,37.73186],[-122.38598,37.73302],[-122.38548,37.73289],[-122.38501,37.73307],[-122.38456,37.73348],[-122.38342,37.73324],[-122.38204,37.73338],[-122.38099,37.73265],[-122.3802,37.73243],[-122.37961,37.73247],[-122.37994,37.73359],[-122.37944,37.73409],[-122.37943,37.73525],[-122.37942,37.73714],[-122.38096,37.73877],[-122.38716,37.7413],[-122.38877,37.74032]]]},"properties":{"route":"44","name":"44 O'Shaughnessy","mode":"local","color":"#8C97A3"}},{"type":"Feature","geometry":{"type":"MultiLineString","coordinates":[[[-122.44717,37.79752],[-122.4421,37.79625],[-122.43715,37.79688],[-122.43222,37.79751],[-122.42893,37.79793],[-122.424,37.79856],[-122.42059,37.79901],[-122.41906,37.7992],[-122.4165,37.79953],[-122.41413,37.79983],[-122.41085,37.80024],[-122.40892,37.79904],[-122.40857,37.79733],[-122.40809,37.79494],[-122.40755,37.79225],[-122.40697,37.78944],[-122.4067,37.78804],[-122.40624,37.78576],[-122.40481,37.78491],[-122.40272,37.78326],[-122.40063,37.78159],[-122.40186,37.77904],[-122.39978,37.77738],[-122.39722,37.77534],[-122.39387,37.77798]]]},"properties":{"route":"45","name":"45 Union/Stockton","mode":"local","color":"#8C97A3"}},{"type":"Feature","geometry":{"type":"MultiLineString","coordinates":[[[-122.50745,37.7454],[-122.50395,37.74742],[-122.50074,37.74756],[-122.49752,37.7477],[-122.49525,37.74593],[-122.49431,37.74785],[-122.49109,37.74799],[-122.48788,37.74813],[-122.48467,37.74827],[-122.48145,37.74841],[-122.47824,37.74856],[-122.47503,37.7487],[-122.4737,37.74502],[-122.4715,37.74511],[-122.47012,37.74143],[-122.46857,37.74151],[-122.46748,37.7415],[-122.46659,37.74128],[-122.46564,37.74079],[-122.4652,37.74022],[-122.46469,37.73986],[-122.46383,37.74],[-122.46108,37.7403],[-122.45819,37.74071],[-122.45635,37.74164],[-122.45583,37.74211],[-122.45528,37.74305],[-122.45453,37.74376],[-122.45235,37.74522],[-122.45051,37.74589],[-122.4478,37.74644],[-122.44546,37.74691],[-122.44462,37.74669],[-122.44317,37.74751],[-122.44193,37.74848],[-122.43826,37.74867],[-122.43615,37.74957],[-122.43631,37.75116],[-122.42967,37.75158],[-122.42634,37.75178],[-122.42453,37.75188],[-122.42161,37.75205],[-122.4201,37.75214],[-122.41846,37.75224],[-122.41684,37.75234],[-122.4141,37.75251],[-122.41248,37.75261],[-122.41008,37.75274],[-122.4073,37.75291],[-122.40646,37.75428],[-122.4045,37.7544],[-122.4016,37.75458],[-122.40124,37.75064],[-122.39986,37.75089],[-122.39838,37.75135],[-122.39653,37.75232],[-122.39363,37.75249],[-122.39276,37.75365],[-122.39215,37.75771],[-122.38926,37.75789],[-122.38721,37.75678],[-122.38801,37.75539],[-122.39093,37.75522],[-122.39215,37.75771]]]},"properties":{"route":"48","name":"48 Quintara/24th St","mode":"local","color":"#8C97A3"}},{"type":"Feature","geometry":{"type":"MultiLineString","coordinates":[[[-122.4255,37.80602],[-122.42455,37.80131],[-122.424,37.79856],[-122.42343,37.79574],[-122.42288,37.79306],[-122.42234,37.79037],[-122.42196,37.78849],[-122.42169,37.78708],[-122.42141,37.78569],[-122.4211,37.7843],[-122.42083,37.7829],[-122.42054,37.78151],[-122.42026,37.78008],[-122.41971,37.7773],[-122.41932,37.77544],[-122.41883,37.77298],[-122.42032,37.77168],[-122.42005,37.76905],[-122.41968,37.76506],[-122.41946,37.76272],[-122.41907,37.75864],[-122.41876,37.75544],[-122.4183,37.75064],[-122.41811,37.74848],[-122.41952,37.74619],[-122.42091,37.74404],[-122.42198,37.74238],[-122.42285,37.74103],[-122.4238,37.73956],[-122.42405,37.73741],[-122.42448,37.73607],[-122.42613,37.73396],[-122.43012,37.72993],[-122.43131,37.72873],[-122.43246,37.72764],[-122.43337,37.72659],[-122.43444,37.72518],[-122.43533,37.72401],[-122.43703,37.72373],[-122.43882,37.72361],[-122.44257,37.72317],[-122.44476,37.72297],[-122.44957,37.72297],[-122.45234,37.72308],[-122.45314,37.72374],[-122.45266,37.72372]]]},"properties":{"route":"49","name":"49 Van Ness/Mission","mode":"local","color":"#8C97A3"}},{"type":"Feature","geometry":{"type":"MultiLineString","coordinates":[[[-122.4258,37.71925],[-122.42766,37.72126],[-122.43004,37.7224],[-122.43245,37.72355],[-122.43481,37.72469],[-122.43364,37.72624],[-122.43282,37.72732],[-122.43181,37.72825],[-122.43234,37.72927],[-122.43239,37.73022],[-122.42958,37.73104],[-122.43086,37.73182],[-122.43161,37.73181],[-122.43197,37.733],[-122.43281,37.73334],[-122.43406,37.73389],[-122.43372,37.73499],[-122.43433,37.73591],[-122.43471,37.73726],[-122.43464,37.7383],[-122.43484,37.73895],[-122.43693,37.7378],[-122.43669,37.73876],[-122.43564,37.74137],[-122.43581,37.74211],[-122.43724,37.74343],[-122.43953,37.7447],[-122.44015,37.7454],[-122.44016,37.74636],[-122.44035,37.74696],[-122.44109,37.74723],[-122.44315,37.74661],[-122.44357,37.74656],[-122.44386,37.74666],[-122.44411,37.74673],[-122.44486,37.74695],[-122.44663,37.74673],[-122.44973,37.746],[-122.45164,37.74554],[-122.45224,37.7457],[-122.45393,37.74571],[-122.45633,37.74654],[-122.45849,37.74683],[-122.45889,37.7469],[-122.45895,37.74744],[-122.45875,37.74766],[-122.45889,37.74822]]]},"properties":{"route":"52","name":"52 Excelsior","mode":"local","color":"#8C97A3"}},{"type":"Feature","geometry":{"type":"MultiLineString","coordinates":[[[-122.46864,37.70704],[-122.46965,37.70509],[-122.47085,37.70616],[-122.47091,37.70947],[-122.47022,37.71008],[-122.4693,37.7106],[-122.46666,37.71161],[-122.46528,37.71177],[-122.46437,37.71164],[-122.46349,37.71137],[-122.46208,37.71138],[-122.45605,37.71153],[-122.45607,37.71408],[-122.4561,37.71663],[-122.45615,37.72004],[-122.4531,37.72004],[-122.45234,37.71996],[-122.45012,37.72049],[-122.44776,37.72116],[-122.44514,37.72009],[-122.4429,37.71829],[-122.44126,37.71686],[-122.44027,37.71604],[-122.43782,37.71495],[-122.43537,37.71385],[-122.43365,37.71329],[-122.43234,37.71504],[-122.42918,37.71777],[-122.42801,37.71933],[-122.42648,37.72283],[-122.42416,37.72482],[-122.42235,37.7254],[-122.4194,37.72617],[-122.41644,37.72695],[-122.41409,37.72652],[-122.41248,37.72266],[-122.40953,37.72344],[-122.40806,37.72515],[-122.40658,37.72686],[-122.4036,37.72764],[-122.40222,37.72811],[-122.40085,37.72922],[-122.39987,37.73039],[-122.39944,37.73171],[-122.39824,37.73279],[-122.39761,37.73324],[-122.3965,37.73242],[-122.39574,37.73192],[-122.39526,37.73128],[-122.39539,37.72966],[-122.39359,37.7294],[-122.39056,37.7281],[-122.38625,37.72661],[-122.38457,37.72849],[-122.39018,37.73167],[-122.39098,37.73402],[-122.39016,37.7364],[-122.38932,37.73875],[-122.38877,37.74032],[-122.38463,37.73798],[-122.38385,37.73722],[-122.38344,37.73581],[-122.38315,37.73498],[-122.38237,37.73372],[-122.38187,37.73319],[-122.38063,37.73251],[-122.38005,37.73241],[-122.37959,37.7324],[-122.37936,37.73168],[-122.37881,37.73157],[-122.37815,37.73132],[-122.37701,37.73101],[-122.37589,37.73092],[-122.37423,37.73018],[-122.37494,37.72966],[-122.37666,37.73012],[-122.37751,37.73002],[-122.37864,37.73042],[-122.37956,37.73111],[-122.37991,37.73072],[-122.38065,37.73051],[-122.38144,37.73087],[-122.38174,37.73133],[-122.38285,37.73206],[-122.38429,37.73266],[-122.38501,37.73307],[-122.38532,37.73348],[-122.38598,37.73483],[-122.38657,37.73535],[-122.38707,37.73572],[-122.3868,37.73642],[-122.386,37.73665],[-122.38567,37.73651],[-122.38435,37.7358],[-122.38344,37.73581],[-122.38385,37.73722],[-122.38463,37.73798],[-122.38838,37.74]]]},"properties":{"route":"54","name":"54 Felton","mode":"local","color":"#8C97A3"}},{"type":"Feature","geometry":{"type":"MultiLineString","coordinates":[[[-122.3889,37.76042],[-122.39119,37.75777],[-122.39338,37.76021],[-122.3963,37.76003],[-122.39751,37.76253],[-122.39788,37.76637],[-122.39915,37.76629],[-122.40173,37.76614],[-122.40464,37.76596],[-122.40755,37.76579],[-122.41147,37.76555],[-122.41532,37.76532],[-122.41859,37.76512],[-122.41984,37.76668],[-122.42154,37.76658],[-122.42427,37.76641],[-122.42287,37.76486],[-122.42125,37.76496],[-122.4205,37.76501],[-122.41968,37.76506]]]},"properties":{"route":"55","name":"55 Dogpatch","mode":"local","color":"#8C97A3"}},{"type":"Feature","geometry":{"type":"MultiLineString","coordinates":[[[-122.41386,37.71622],[-122.41257,37.7167],[-122.41178,37.71719],[-122.41147,37.71804],[-122.41151,37.71877],[-122.40413,37.7208],[-122.41151,37.71828],[-122.41159,37.71746],[-122.41228,37.71681],[-122.41494,37.71592],[-122.41588,37.71528],[-122.41622,37.71454],[-122.41596,37.71383],[-122.4153,37.71351],[-122.4129,37.71104],[-122.41045,37.71035],[-122.40794,37.71145],[-122.40691,37.71243],[-122.40482,37.71162],[-122.40322,37.71179],[-122.40247,37.71218],[-122.4008,37.71202],[-122.39822,37.71141],[-122.39607,37.7109],[-122.3948,37.71103],[-122.39431,37.71134],[-122.39262,37.71128],[-122.3929,37.71029],[-122.39288,37.70996],[-122.39289,37.70988]]]},"properties":{"route":"56","name":"56 Rutland","mode":"local","color":"#8C97A3"}},{"type":"Feature","geometry":{"type":"MultiLineString","coordinates":[[[-122.46613,37.74105],[-122.46907,37.73797],[-122.46992,37.73617],[-122.47181,37.73104],[-122.47273,37.73107],[-122.47594,37.73111],[-122.47595,37.72899],[-122.47596,37.72751],[-122.4761,37.72595],[-122.47593,37.72544],[-122.4769,37.72597],[-122.47842,37.72605],[-122.47937,37.72606],[-122.48006,37.72747],[-122.47871,37.72821],[-122.48027,37.72834],[-122.48388,37.72702],[-122.48509,37.724],[-122.48107,37.72071],[-122.4787,37.71851],[-122.47878,37.71829],[-122.47846,37.7177],[-122.47739,37.71756],[-122.47614,37.7168],[-122.473,37.71502],[-122.47315,37.71368],[-122.47269,37.71309],[-122.47256,37.71279],[-122.47176,37.71269],[-122.46876,37.71242],[-122.46708,37.71243],[-122.46844,37.71094],[-122.47043,37.71015],[-122.4716,37.70924],[-122.47178,37.70837],[-122.47162,37.70657],[-122.47191,37.70604],[-122.47239,37.70417],[-122.47311,37.70408],[-122.47299,37.70477],[-122.47081,37.70509],[-122.46927,37.7051],[-122.46784,37.70616],[-122.46826,37.70689],[-122.46927,37.70567]]]},"properties":{"route":"57","name":"57 Parkmerced","mode":"local","color":"#8C97A3"}},{"type":"Feature","geometry":{"type":"MultiLineString","coordinates":[[[-122.47505,37.72572],[-122.4761,37.72595],[-122.47808,37.72706],[-122.47855,37.72742],[-122.47861,37.7281],[-122.47981,37.72856],[-122.48194,37.72712],[-122.48535,37.72904],[-122.4858,37.72936],[-122.4892,37.73038],[-122.49022,37.73004],[-122.49149,37.72892],[-122.49262,37.72906],[-122.49359,37.72984],[-122.49368,37.73239],[-122.49342,37.73486],[-122.49646,37.73388],[-122.49747,37.73302],[-122.49956,37.73144],[-122.50212,37.72951],[-122.50305,37.72526],[-122.50304,37.72473],[-122.50285,37.72381],[-122.50143,37.72192],[-122.50064,37.7209],[-122.50024,37.7195],[-122.49986,37.71878],[-122.49741,37.71674],[-122.49209,37.71449],[-122.48931,37.71207],[-122.48736,37.70892],[-122.48558,37.70839],[-122.48515,37.70924],[-122.4854,37.71132],[-122.48031,37.71454],[-122.47706,37.71454],[-122.47599,37.71435],[-122.47275,37.71293],[-122.47231,37.71272],[-122.47059,37.71271],[-122.46802,37.71234],[-122.46708,37.71165],[-122.4693,37.7106],[-122.47097,37.70987],[-122.47171,37.709],[-122.47174,37.70821],[-122.47191,37.70604],[-122.47239,37.70417],[-122.47311,37.70408],[-122.47299,37.70477],[-122.47081,37.70509],[-122.46927,37.7051],[-122.46784,37.70616],[-122.46826,37.70689],[-122.46874,37.70511],[-122.46547,37.7052],[-122.46213,37.7053],[-122.45943,37.70664],[-122.45932,37.70659]]]},"properties":{"route":"58","name":"58 Lake Merced","mode":"local","color":"#8C97A3"}},{"type":"Feature","geometry":{"type":"MultiLineString","coordinates":[[[-122.48707,37.73877],[-122.48749,37.74254],[-122.48788,37.74813],[-122.48467,37.74827],[-122.48145,37.74841],[-122.47824,37.74856],[-122.47503,37.7487],[-122.47302,37.75066],[-122.47336,37.75555],[-122.47346,37.75685],[-122.47378,37.75908],[-122.47367,37.7593],[-122.47231,37.75911],[-122.47126,37.75871],[-122.47057,37.75825],[-122.46807,37.75836],[-122.46536,37.75847],[-122.46513,37.76223],[-122.46623,37.76208]]]},"properties":{"route":"66","name":"66 Quintara","mode":"local","color":"#8C97A3"}},{"type":"Feature","geometry":{"type":"MultiLineString","coordinates":[[[-122.41837,37.7523],[-122.41815,37.74905],[-122.41653,37.74914],[-122.41628,37.75238],[-122.41394,37.75091],[-122.41368,37.74826],[-122.41339,37.74515],[-122.41315,37.7438],[-122.41199,37.74368],[-122.40964,37.74308],[-122.40937,37.74279],[-122.40942,37.74233],[-122.40963,37.7418],[-122.41048,37.74162],[-122.41099,37.74153],[-122.41125,37.74133],[-122.412,37.73971],[-122.41332,37.73899],[-122.4136,37.7359],[-122.41246,37.73467],[-122.41084,37.73474],[-122.41384,37.73328],[-122.41655,37.73232],[-122.41897,37.73268],[-122.41858,37.73291],[-122.41688,37.73286],[-122.41604,37.73311],[-122.41514,37.73341],[-122.41494,37.73473]]]},"properties":{"route":"67","name":"67 Bernal Heights","mode":"local","color":"#8C97A3"}}]}